-- ============================================================
-- SCRIPT DE SEMILLAS DE DATOS REALISTAS PARA NEONDB (FARMAPOS)
-- Registros totales: ~350
-- Generado el: 2026-06-18
-- ============================================================

-- Limpieza inicial de tablas
-- Limpiar tablas existentes en orden de dependencia
TRUNCATE TABLE "MovimientoInventario", "DetalleVenta", "Venta", "Lote", "DetalleCompra", "Compra", "ProveedorProducto", "Producto", "Proveedor", "CategoriaProducto", "Cliente", "Usuario", "Rol" RESTART IDENTITY CASCADE;

-- 1. INSERTAR ROLES
INSERT INTO "Rol" ("id", "nombre") VALUES
  (1, 'ADMIN'),
  (2, 'CAJERO'),
  (3, 'FARMACEUTICO'),
  (4, 'DOCTOR');

-- 2. INSERTAR USUARIOS
INSERT INTO "Usuario" ("id", "nombreCompleto", "correo", "passwordHash", "idRol", "activo", "createdAt", "updatedAt") VALUES
  (1, 'Carlos Pérez (Administrador)', 'admin@farmapos.com', '$2a$10$tZ2R8vLz3tQpXb.Fbe5k.OF3T4sHkZ8lqY67aW1JvX8N1tE/Y3o2G', 1, true, NOW(), NOW()),
  (2, 'Ana López (Cajera)', 'ana.caja@farmapos.com', '$2a$10$tZ2R8vLz3tQpXb.Fbe5k.OF3T4sHkZ8lqY67aW1JvX8N1tE/Y3o2G', 2, true, NOW(), NOW()),
  (3, 'Dr. Luis Rivas (Farmacéutico)', 'luis.farmacia@farmapos.com', '$2a$10$tZ2R8vLz3tQpXb.Fbe5k.OF3T4sHkZ8lqY67aW1JvX8N1tE/Y3o2G', 3, true, NOW(), NOW()),
  (4, 'Dra. Sofia Mendez (Doctora)', 'sofia.doc@farmapos.com', '$2a$10$tZ2R8vLz3tQpXb.Fbe5k.OF3T4sHkZ8lqY67aW1JvX8N1tE/Y3o2G', 4, true, NOW(), NOW());

-- 3. INSERTAR CATEGORÍAS
INSERT INTO "CategoriaProducto" ("id", "nombre", "descripcion", "createdAt", "updatedAt") VALUES
  (1, 'Medicamentos', 'Medicamentos generales bajo receta o de venta libre', NOW(), NOW()),
  (2, 'Vitaminas', 'Suplementos alimenticios y multivitamínicos', NOW(), NOW()),
  (3, 'Antibióticos', 'Medicamentos antibacterianos de uso restringido', NOW(), NOW()),
  (4, 'Analgésicos', 'Medicamentos analgésicos y antiinflamatorios', NOW(), NOW()),
  (5, 'Insumos médicos', 'Gasas, jeringas, alcohol y vendajes', NOW(), NOW()),
  (6, 'Higiene personal', 'Jabones germicidas y cuidado corporal', NOW(), NOW());

-- 4. INSERTAR PROVEEDORES
INSERT INTO "Proveedor" ("id", "nombre", "telefono", "correo", "direccion", "createdAt", "updatedAt") VALUES
  (1, 'Droguería Médica S.A.', '+505 2222-1111', 'ventas@drogueriamedica.com', 'Managua, Pista Jean Paul Genie', NOW(), NOW()),
  (2, 'FarmaDistribuidores Nicaragua', '+505 2288-3434', 'contacto@farmadist.com', 'Masaya, Km 15 Carretera a Masaya', NOW(), NOW()),
  (3, 'Laboratorios Pfizer Distribuidora', '+505 8888-9999', 'pfizer.nica@pfizer.com', 'Managua, Centro América', NOW(), NOW()),
  (4, 'Suplidores Médicos Generales', '+505 2244-1212', 'info@suplidoresmed.com', 'León, Costado Oeste Catedral', NOW(), NOW()),
  (5, 'Higiene y Salud Corp', '+505 2266-7878', 'pedidos@higienesalud.com', 'Granada, Calle Real Xalteva', NOW(), NOW());

-- 5. INSERTAR PRODUCTOS
INSERT INTO "Producto" ("id", "nombre", "codigoBarras", "descripcion", "idCategoria", "precioCompra", "precioVenta", "stockActual", "stockMinimo", "activo", "createdAt", "updatedAt") VALUES
  (1, 'Ibuprofeno 400mg', '750100000001', 'Ibuprofeno 400mg de alta calidad de prueba', 1, 1.20, 2.50, 200, 20, true, NOW(), NOW()),
  (2, 'Omeprazol 20mg', '750100000002', 'Omeprazol 20mg de alta calidad de prueba', 1, 0.80, 1.80, 200, 30, true, NOW(), NOW()),
  (3, 'Loratadina 10mg', '750100000003', 'Loratadina 10mg de alta calidad de prueba', 1, 0.50, 1.20, 200, 15, true, NOW(), NOW()),
  (4, 'Metformina 850mg', '750100000004', 'Metformina 850mg de alta calidad de prueba', 1, 1.50, 3.50, 200, 25, true, NOW(), NOW()),
  (5, 'Atorvastatina 20mg', '750100000005', 'Atorvastatina 20mg de alta calidad de prueba', 1, 2.10, 4.80, 200, 10, true, NOW(), NOW()),
  (6, 'Losartán Potásico 50mg', '750100000006', 'Losartán Potásico 50mg de alta calidad de prueba', 1, 1.10, 2.50, 200, 20, true, NOW(), NOW()),
  (7, 'Salbutamol Inhalador 100mcg', '750100000007', 'Salbutamol Inhalador 100mcg de alta calidad de prueba', 1, 3.50, 7.50, 200, 10, true, NOW(), NOW()),
  (8, 'Paracetamol 500mg', '750100000008', 'Paracetamol 500mg de alta calidad de prueba', 1, 0.30, 0.80, 200, 50, true, NOW(), NOW()),
  (9, 'Enalapril 10mg', '750100000009', 'Enalapril 10mg de alta calidad de prueba', 1, 0.70, 1.60, 200, 15, true, NOW(), NOW()),
  (10, 'Amlodipino 5mg', '750100000010', 'Amlodipino 5mg de alta calidad de prueba', 1, 0.90, 2.00, 200, 15, true, NOW(), NOW()),
  (11, 'Vitamina C 500mg (Masticable)', '750100000011', 'Vitamina C 500mg (Masticable) de alta calidad de prueba', 2, 1.50, 3.00, 200, 25, true, NOW(), NOW()),
  (12, 'Complejo B Inyectable', '750100000012', 'Complejo B Inyectable de alta calidad de prueba', 2, 2.20, 4.50, 200, 10, true, NOW(), NOW()),
  (13, 'Multivitamínico A-Z', '750100000013', 'Multivitamínico A-Z de alta calidad de prueba', 2, 5.80, 12.00, 200, 8, true, NOW(), NOW()),
  (14, 'Calcio + Vitamina D3', '750100000014', 'Calcio + Vitamina D3 de alta calidad de prueba', 2, 3.40, 6.99, 200, 15, true, NOW(), NOW()),
  (15, 'Zinc 50mg Suplemento', '750100000015', 'Zinc 50mg Suplemento de alta calidad de prueba', 2, 1.80, 3.99, 200, 20, true, NOW(), NOW()),
  (16, 'Omega 3 Aceite de Pescado', '750100000016', 'Omega 3 Aceite de Pescado de alta calidad de prueba', 2, 4.50, 9.99, 200, 10, true, NOW(), NOW()),
  (17, 'Vitamina E 400 UI', '750100000017', 'Vitamina E 400 UI de alta calidad de prueba', 2, 3.80, 8.50, 200, 12, true, NOW(), NOW()),
  (18, 'Colágeno Hidrolizado Polvo', '750100000018', 'Colágeno Hidrolizado Polvo de alta calidad de prueba', 2, 12.00, 24.99, 200, 5, true, NOW(), NOW()),
  (19, 'Amoxicilina 500mg', '750100000019', 'Amoxicilina 500mg de alta calidad de prueba', 3, 2.50, 5.50, 200, 20, true, NOW(), NOW()),
  (20, 'Azitromicina 500mg', '750100000020', 'Azitromicina 500mg de alta calidad de prueba', 3, 4.00, 9.00, 200, 10, true, NOW(), NOW()),
  (21, 'Ciprofloxacina 500mg', '750100000021', 'Ciprofloxacina 500mg de alta calidad de prueba', 3, 3.20, 7.00, 200, 15, true, NOW(), NOW()),
  (22, 'Cefalexina 500mg', '750100000022', 'Cefalexina 500mg de alta calidad de prueba', 3, 2.80, 6.20, 200, 15, true, NOW(), NOW()),
  (23, 'Amoxicilina + Ácido Clavulánico', '750100000023', 'Amoxicilina + Ácido Clavulánico de alta calidad de prueba', 3, 5.50, 12.50, 200, 10, true, NOW(), NOW()),
  (24, 'Clindamicina 300mg', '750100000024', 'Clindamicina 300mg de alta calidad de prueba', 3, 4.80, 10.50, 200, 10, true, NOW(), NOW()),
  (25, 'Ibuprofeno 800mg', '750100000025', 'Ibuprofeno 800mg de alta calidad de prueba', 4, 1.80, 3.80, 200, 30, true, NOW(), NOW()),
  (26, 'Acetaminofén 500mg Forte', '750100000026', 'Acetaminofén 500mg Forte de alta calidad de prueba', 4, 0.40, 1.00, 200, 50, true, NOW(), NOW()),
  (27, 'Diclofenaco Sódico 75mg Gel', '750100000027', 'Diclofenaco Sódico 75mg Gel de alta calidad de prueba', 4, 2.00, 4.50, 200, 15, true, NOW(), NOW()),
  (28, 'Tramadol 50mg Cápsulas', '750100000028', 'Tramadol 50mg Cápsulas de alta calidad de prueba', 4, 3.50, 8.00, 200, 10, true, NOW(), NOW()),
  (29, 'Meloxicam 15mg', '750100000029', 'Meloxicam 15mg de alta calidad de prueba', 4, 1.50, 3.20, 200, 15, true, NOW(), NOW()),
  (30, 'Naproxeno 500mg', '750100000030', 'Naproxeno 500mg de alta calidad de prueba', 4, 1.20, 2.80, 200, 20, true, NOW(), NOW()),
  (31, 'Ketorolaco 10mg Sublingual', '750100000031', 'Ketorolaco 10mg Sublingual de alta calidad de prueba', 4, 2.20, 5.00, 200, 15, true, NOW(), NOW()),
  (32, 'Celecoxib 200mg', '750100000032', 'Celecoxib 200mg de alta calidad de prueba', 4, 4.50, 9.50, 200, 10, true, NOW(), NOW()),
  (33, 'Gasas Estériles 3x3 (Caja 100)', '750100000033', 'Gasas Estériles 3x3 (Caja 100) de alta calidad de prueba', 5, 4.00, 8.50, 200, 10, true, NOW(), NOW()),
  (34, 'Alcohol Gel 70% 500ml', '750100000034', 'Alcohol Gel 70% 500ml de alta calidad de prueba', 5, 1.50, 3.00, 200, 20, true, NOW(), NOW()),
  (35, 'Jeringas 3ml con aguja (Caja 100)', '750100000035', 'Jeringas 3ml con aguja (Caja 100) de alta calidad de prueba', 5, 6.00, 12.00, 200, 8, true, NOW(), NOW()),
  (36, 'Algodón Plisado 200g', '750100000036', 'Algodón Plisado 200g de alta calidad de prueba', 5, 1.10, 2.50, 200, 15, true, NOW(), NOW()),
  (37, 'Termómetro Digital Clínico', '750100000037', 'Termómetro Digital Clínico de alta calidad de prueba', 5, 2.50, 6.00, 200, 5, true, NOW(), NOW()),
  (38, 'Venda Elástica 4 pulgadas', '750100000038', 'Venda Elástica 4 pulgadas de alta calidad de prueba', 5, 0.90, 2.20, 200, 20, true, NOW(), NOW()),
  (39, 'Curitas Adhesivas (Caja 100)', '750100000039', 'Curitas Adhesivas (Caja 100) de alta calidad de prueba', 5, 2.00, 4.50, 200, 12, true, NOW(), NOW()),
  (40, 'Oxímetro de Pulso Digital', '750100000040', 'Oxímetro de Pulso Digital de alta calidad de prueba', 5, 8.50, 18.00, 200, 4, true, NOW(), NOW()),
  (41, 'Jabón Germicida Antiséptico', '750100000041', 'Jabón Germicida Antiséptico de alta calidad de prueba', 6, 1.30, 2.99, 200, 20, true, NOW(), NOW()),
  (42, 'Crema Corporal Hidratante CeraVe', '750100000042', 'Crema Corporal Hidratante CeraVe de alta calidad de prueba', 6, 8.00, 16.50, 200, 8, true, NOW(), NOW()),
  (43, 'Pasta Dental Colgate Total 12', '750100000043', 'Pasta Dental Colgate Total 12 de alta calidad de prueba', 6, 1.80, 3.50, 200, 15, true, NOW(), NOW()),
  (44, 'Champú Anticaspa Ketoconazol 2%', '750100000044', 'Champú Anticaspa Ketoconazol 2% de alta calidad de prueba', 6, 4.50, 9.99, 200, 10, true, NOW(), NOW()),
  (45, 'Desodorante Clínico Roll-on', '750100000045', 'Desodorante Clínico Roll-on de alta calidad de prueba', 6, 2.10, 4.50, 200, 15, true, NOW(), NOW()),
  (46, 'Enjuague Bucal Antiséptico 500ml', '750100000046', 'Enjuague Bucal Antiséptico 500ml de alta calidad de prueba', 6, 2.50, 5.50, 200, 12, true, NOW(), NOW());

-- 6. INSERTAR CLIENTES
INSERT INTO "Cliente" ("id", "nombreCompleto", "telefono", "correo", "cedula", "ruc", "direccion", "activo", "createdAt", "updatedAt") VALUES
  (1, 'Juan Carlos Blandón', '+505 8888-1001', 'cliente1@gmail.com', '001-00001-0001A', '1234567890001', 'Ciudad de Managua, Calle #1', true, NOW(), NOW()),
  (2, 'María Elena Rostrán', '+505 8888-1002', 'cliente2@gmail.com', '001-00002-0002A', NULL, 'Ciudad de Managua, Calle #2', true, NOW(), NOW()),
  (3, 'Roberto José Ortega', '+505 8888-1003', 'cliente3@gmail.com', '001-00003-0003A', NULL, 'Ciudad de Managua, Calle #3', true, NOW(), NOW()),
  (4, 'Sofía Carolina Duarte', '+505 8888-1004', 'cliente4@gmail.com', '001-00004-0004A', NULL, 'Ciudad de Managua, Calle #4', true, NOW(), NOW()),
  (5, 'Francisco Solís', '+505 8888-1005', 'cliente5@gmail.com', '001-00005-0005A', NULL, 'Ciudad de Managua, Calle #5', true, NOW(), NOW()),
  (6, 'Lucía Valeria Martínez', '+505 8888-1006', 'cliente6@gmail.com', '001-00006-0006A', '1234567890006', 'Ciudad de Managua, Calle #6', true, NOW(), NOW()),
  (7, 'Guillermo Alfonso Silva', '+505 8888-1007', 'cliente7@gmail.com', '001-00007-0007A', NULL, 'Ciudad de Managua, Calle #7', true, NOW(), NOW()),
  (8, 'Gabriela Auxiliadora Díaz', '+505 8888-1008', 'cliente8@gmail.com', '001-00008-0008A', NULL, 'Ciudad de Managua, Calle #8', true, NOW(), NOW()),
  (9, 'Alejandro Rafael Lacayo', '+505 8888-1009', 'cliente9@gmail.com', '001-00009-0009A', NULL, 'Ciudad de Managua, Calle #9', true, NOW(), NOW()),
  (10, 'Patricia Isabel Gómez', '+505 8888-1010', 'cliente10@gmail.com', '001-00010-00010A', NULL, 'Ciudad de Managua, Calle #10', true, NOW(), NOW()),
  (11, 'Miguel Angel Salgado', '+505 8888-1011', 'cliente11@gmail.com', '001-00011-00011A', '12345678900011', 'Ciudad de Managua, Calle #11', true, NOW(), NOW()),
  (12, 'Sandra Lorena Obando', '+505 8888-1012', 'cliente12@gmail.com', '001-00012-00012A', NULL, 'Ciudad de Managua, Calle #12', true, NOW(), NOW()),
  (13, 'Jorge Luis Balmaceda', '+505 8888-1013', 'cliente13@gmail.com', '001-00013-00013A', NULL, 'Ciudad de Managua, Calle #13', true, NOW(), NOW()),
  (14, 'Tatiana María Morales', '+505 8888-1014', 'cliente14@gmail.com', '001-00014-00014A', NULL, 'Ciudad de Managua, Calle #14', true, NOW(), NOW()),
  (15, 'Carlos Fernando Chamorro', '+505 8888-1015', 'cliente15@gmail.com', '001-00015-00015A', NULL, 'Ciudad de Managua, Calle #15', true, NOW(), NOW()),
  (16, 'Fabiola Vanessa Zelaya', '+505 8888-1016', 'cliente16@gmail.com', '001-00016-00016A', '12345678900016', 'Ciudad de Managua, Calle #16', true, NOW(), NOW()),
  (17, 'Ernesto Antonio Jarquín', '+505 8888-1017', 'cliente17@gmail.com', '001-00017-00017A', NULL, 'Ciudad de Managua, Calle #17', true, NOW(), NOW()),
  (18, 'Yolanda del Carmen López', '+505 8888-1018', 'cliente18@gmail.com', '001-00018-00018A', NULL, 'Ciudad de Managua, Calle #18', true, NOW(), NOW()),
  (19, 'Felipe Santiago Castillo', '+505 8888-1019', 'cliente19@gmail.com', '001-00019-00019A', NULL, 'Ciudad de Managua, Calle #19', true, NOW(), NOW()),
  (20, 'Claudia Verónica Mayorga', '+505 8888-1020', 'cliente20@gmail.com', '001-00020-00020A', NULL, 'Ciudad de Managua, Calle #20', true, NOW(), NOW()),
  (21, 'Javier Enrique Granera', '+505 8888-1021', 'cliente21@gmail.com', '001-00021-00021A', '12345678900021', 'Ciudad de Managua, Calle #21', true, NOW(), NOW()),
  (22, 'Maritza Auxiliadora Altamirano', '+505 8888-1022', 'cliente22@gmail.com', '001-00022-00022A', NULL, 'Ciudad de Managua, Calle #22', true, NOW(), NOW()),
  (23, 'Rolando José Sevilla', '+505 8888-1023', 'cliente23@gmail.com', '001-00023-00023A', NULL, 'Ciudad de Managua, Calle #23', true, NOW(), NOW()),
  (24, 'Helena Patricia Rivas', '+505 8888-1024', 'cliente24@gmail.com', '001-00024-00024A', NULL, 'Ciudad de Managua, Calle #24', true, NOW(), NOW()),
  (25, 'Eduardo Daniel Narváez', '+505 8888-1025', 'cliente25@gmail.com', '001-00025-00025A', NULL, 'Ciudad de Managua, Calle #25', true, NOW(), NOW()),
  (26, 'Marta Lorena Gutiérrez', '+505 8888-1026', 'cliente26@gmail.com', '001-00026-00026A', '12345678900026', 'Ciudad de Managua, Calle #26', true, NOW(), NOW()),
  (27, 'José Noel Calderón', '+505 8888-1027', 'cliente27@gmail.com', '001-00027-00027A', NULL, 'Ciudad de Managua, Calle #27', true, NOW(), NOW()),
  (28, 'Angélica María Tercero', '+505 8888-1028', 'cliente28@gmail.com', '001-00028-00028A', NULL, 'Ciudad de Managua, Calle #28', true, NOW(), NOW()),
  (29, 'Mauricio Salvador Aguilar', '+505 8888-1029', 'cliente29@gmail.com', '001-00029-00029A', NULL, 'Ciudad de Managua, Calle #29', true, NOW(), NOW()),
  (30, 'Rebeca del Socorro Guido', '+505 8888-1030', 'cliente30@gmail.com', '001-00030-00030A', NULL, 'Ciudad de Managua, Calle #30', true, NOW(), NOW()),
  (31, 'Fernando Arturo Somarriba', '+505 8888-1031', 'cliente31@gmail.com', '001-00031-00031A', '12345678900031', 'Ciudad de Managua, Calle #31', true, NOW(), NOW()),
  (32, 'Karla Patricia Espinoza', '+505 8888-1032', 'cliente32@gmail.com', '001-00032-00032A', NULL, 'Ciudad de Managua, Calle #32', true, NOW(), NOW()),
  (33, 'Wilfredo José Mendoza', '+505 8888-1033', 'cliente33@gmail.com', '001-00033-00033A', NULL, 'Ciudad de Managua, Calle #33', true, NOW(), NOW()),
  (34, 'Luz Marina Talavera', '+505 8888-1034', 'cliente34@gmail.com', '001-00034-00034A', NULL, 'Ciudad de Managua, Calle #34', true, NOW(), NOW()),
  (35, 'Alvaro Gabriel Pineda', '+505 8888-1035', 'cliente35@gmail.com', '001-00035-00035A', NULL, 'Ciudad de Managua, Calle #35', true, NOW(), NOW()),
  (36, 'Elizabeth del Carmen Vivas', '+505 8888-1036', 'cliente36@gmail.com', '001-00036-00036A', '12345678900036', 'Ciudad de Managua, Calle #36', true, NOW(), NOW()),
  (37, 'Julio Cesar Oporta', '+505 8888-1037', 'cliente37@gmail.com', '001-00037-00037A', NULL, 'Ciudad de Managua, Calle #37', true, NOW(), NOW()),
  (38, 'Rosa Maria Barberena', '+505 8888-1038', 'cliente38@gmail.com', '001-00038-00038A', NULL, 'Ciudad de Managua, Calle #38', true, NOW(), NOW()),
  (39, 'Armando José Pasquier', '+505 8888-1039', 'cliente39@gmail.com', '001-00039-00039A', NULL, 'Ciudad de Managua, Calle #39', true, NOW(), NOW()),
  (40, 'Sonia del Rosario Centeno', '+505 8888-1040', 'cliente40@gmail.com', '001-00040-00040A', NULL, 'Ciudad de Managua, Calle #40', true, NOW(), NOW()),
  (41, 'René Francisco Quintana', '+505 8888-1041', 'cliente41@gmail.com', '001-00041-00041A', '12345678900041', 'Ciudad de Managua, Calle #41', true, NOW(), NOW()),
  (42, 'Ivonne Maria Guerrero', '+505 8888-1042', 'cliente42@gmail.com', '001-00042-00042A', NULL, 'Ciudad de Managua, Calle #42', true, NOW(), NOW()),
  (43, 'Ramón Antonio Urbina', '+505 8888-1043', 'cliente43@gmail.com', '001-00043-00043A', NULL, 'Ciudad de Managua, Calle #43', true, NOW(), NOW()),
  (44, 'Gema Auxiliadora Téllez', '+505 8888-1044', 'cliente44@gmail.com', '001-00044-00044A', NULL, 'Ciudad de Managua, Calle #44', true, NOW(), NOW()),
  (45, 'Luis Manuel Barberena', '+505 8888-1045', 'cliente45@gmail.com', '001-00045-00045A', NULL, 'Ciudad de Managua, Calle #45', true, NOW(), NOW()),
  (46, 'Beatriz Elena Mayorga', '+505 8888-1046', 'cliente46@gmail.com', '001-00046-00046A', '12345678900046', 'Ciudad de Managua, Calle #46', true, NOW(), NOW()),
  (47, 'Oscar Danilo Solórzano', '+505 8888-1047', 'cliente47@gmail.com', '001-00047-00047A', NULL, 'Ciudad de Managua, Calle #47', true, NOW(), NOW()),
  (48, 'Juana Francisca Orozco', '+505 8888-1048', 'cliente48@gmail.com', '001-00048-00048A', NULL, 'Ciudad de Managua, Calle #48', true, NOW(), NOW()),
  (49, 'Manuel Salvador Gadea', '+505 8888-1049', 'cliente49@gmail.com', '001-00049-00049A', NULL, 'Ciudad de Managua, Calle #49', true, NOW(), NOW()),
  (50, 'Dolores del Carmen Rayo', '+505 8888-1050', 'cliente50@gmail.com', '001-00050-00050A', NULL, 'Ciudad de Managua, Calle #50', true, NOW(), NOW());

-- 7. ASOCIAR PRODUCTOS A PROVEEDORES
INSERT INTO "ProveedorProducto" ("id", "idProveedor", "idProducto", "precioCompra", "createdAt") VALUES
  (1, 1, 1, 1.20, NOW()),
  (2, 2, 2, 0.80, NOW()),
  (3, 3, 3, 0.50, NOW()),
  (4, 4, 4, 1.50, NOW()),
  (5, 5, 5, 2.10, NOW()),
  (6, 1, 6, 1.10, NOW()),
  (7, 2, 7, 3.50, NOW()),
  (8, 3, 8, 0.30, NOW()),
  (9, 4, 9, 0.70, NOW()),
  (10, 5, 10, 0.90, NOW()),
  (11, 1, 11, 1.50, NOW()),
  (12, 2, 12, 2.20, NOW()),
  (13, 3, 13, 5.80, NOW()),
  (14, 4, 14, 3.40, NOW()),
  (15, 5, 15, 1.80, NOW()),
  (16, 1, 16, 4.50, NOW()),
  (17, 2, 17, 3.80, NOW()),
  (18, 3, 18, 12.00, NOW()),
  (19, 4, 19, 2.50, NOW()),
  (20, 5, 20, 4.00, NOW()),
  (21, 1, 21, 3.20, NOW()),
  (22, 2, 22, 2.80, NOW()),
  (23, 3, 23, 5.50, NOW()),
  (24, 4, 24, 4.80, NOW()),
  (25, 5, 25, 1.80, NOW()),
  (26, 1, 26, 0.40, NOW()),
  (27, 2, 27, 2.00, NOW()),
  (28, 3, 28, 3.50, NOW()),
  (29, 4, 29, 1.50, NOW()),
  (30, 5, 30, 1.20, NOW()),
  (31, 1, 31, 2.20, NOW()),
  (32, 2, 32, 4.50, NOW()),
  (33, 3, 33, 4.00, NOW()),
  (34, 4, 34, 1.50, NOW()),
  (35, 5, 35, 6.00, NOW()),
  (36, 1, 36, 1.10, NOW()),
  (37, 2, 37, 2.50, NOW()),
  (38, 3, 38, 0.90, NOW()),
  (39, 4, 39, 2.00, NOW()),
  (40, 5, 40, 8.50, NOW()),
  (41, 1, 41, 1.30, NOW()),
  (42, 2, 42, 8.00, NOW()),
  (43, 3, 43, 1.80, NOW()),
  (44, 4, 44, 4.50, NOW()),
  (45, 5, 45, 2.10, NOW()),
  (46, 1, 46, 2.50, NOW());

-- 8. INSERTAR LOTES POR PRODUCTO (Múltiple Batch FEFO)
INSERT INTO "Lote" ("id", "idProducto", "codigoLote", "fechaVencimiento", "stockInicial", "stockActual", "costoCompra", "activo", "createdAt", "updatedAt") VALUES
  (1, 1, 'LOTE-26A-01', '2026-09-18 00:00:00', 100, 100, 1.20, true, NOW(), NOW()),
  (2, 1, 'LOTE-26B-01', '2027-06-18 00:00:00', 100, 100, 1.20, true, NOW(), NOW()),
  (3, 2, 'LOTE-26A-02', '2026-09-18 00:00:00', 100, 100, 0.80, true, NOW(), NOW()),
  (4, 2, 'LOTE-26B-02', '2027-06-18 00:00:00', 100, 100, 0.80, true, NOW(), NOW()),
  (5, 3, 'LOTE-26A-03', '2026-09-18 00:00:00', 100, 100, 0.50, true, NOW(), NOW()),
  (6, 3, 'LOTE-26B-03', '2027-06-18 00:00:00', 100, 100, 0.50, true, NOW(), NOW()),
  (7, 4, 'LOTE-26A-04', '2026-09-18 00:00:00', 100, 100, 1.50, true, NOW(), NOW()),
  (8, 4, 'LOTE-26B-04', '2027-06-18 00:00:00', 100, 100, 1.50, true, NOW(), NOW()),
  (9, 5, 'LOTE-26A-05', '2026-09-18 00:00:00', 100, 100, 2.10, true, NOW(), NOW()),
  (10, 5, 'LOTE-26B-05', '2027-06-18 00:00:00', 100, 100, 2.10, true, NOW(), NOW()),
  (11, 6, 'LOTE-26A-06', '2026-09-18 00:00:00', 100, 100, 1.10, true, NOW(), NOW()),
  (12, 6, 'LOTE-26B-06', '2027-06-18 00:00:00', 100, 100, 1.10, true, NOW(), NOW()),
  (13, 7, 'LOTE-26A-07', '2026-09-18 00:00:00', 100, 100, 3.50, true, NOW(), NOW()),
  (14, 7, 'LOTE-26B-07', '2027-06-18 00:00:00', 100, 100, 3.50, true, NOW(), NOW()),
  (15, 8, 'LOTE-26A-08', '2026-09-18 00:00:00', 100, 100, 0.30, true, NOW(), NOW()),
  (16, 8, 'LOTE-26B-08', '2027-06-18 00:00:00', 100, 100, 0.30, true, NOW(), NOW()),
  (17, 9, 'LOTE-26A-09', '2026-09-18 00:00:00', 100, 100, 0.70, true, NOW(), NOW()),
  (18, 9, 'LOTE-26B-09', '2027-06-18 00:00:00', 100, 100, 0.70, true, NOW(), NOW()),
  (19, 10, 'LOTE-26A-10', '2026-09-18 00:00:00', 100, 100, 0.90, true, NOW(), NOW()),
  (20, 10, 'LOTE-26B-10', '2027-06-18 00:00:00', 100, 100, 0.90, true, NOW(), NOW()),
  (21, 11, 'LOTE-26A-11', '2026-09-18 00:00:00', 100, 100, 1.50, true, NOW(), NOW()),
  (22, 11, 'LOTE-26B-11', '2027-06-18 00:00:00', 100, 100, 1.50, true, NOW(), NOW()),
  (23, 12, 'LOTE-26A-12', '2026-09-18 00:00:00', 100, 100, 2.20, true, NOW(), NOW()),
  (24, 12, 'LOTE-26B-12', '2027-06-18 00:00:00', 100, 100, 2.20, true, NOW(), NOW()),
  (25, 13, 'LOTE-26A-13', '2026-09-18 00:00:00', 100, 100, 5.80, true, NOW(), NOW()),
  (26, 13, 'LOTE-26B-13', '2027-06-18 00:00:00', 100, 100, 5.80, true, NOW(), NOW()),
  (27, 14, 'LOTE-26A-14', '2026-09-18 00:00:00', 100, 100, 3.40, true, NOW(), NOW()),
  (28, 14, 'LOTE-26B-14', '2027-06-18 00:00:00', 100, 100, 3.40, true, NOW(), NOW()),
  (29, 15, 'LOTE-26A-15', '2026-09-18 00:00:00', 100, 100, 1.80, true, NOW(), NOW()),
  (30, 15, 'LOTE-26B-15', '2027-06-18 00:00:00', 100, 100, 1.80, true, NOW(), NOW()),
  (31, 16, 'LOTE-26A-16', '2026-09-18 00:00:00', 100, 100, 4.50, true, NOW(), NOW()),
  (32, 16, 'LOTE-26B-16', '2027-06-18 00:00:00', 100, 100, 4.50, true, NOW(), NOW()),
  (33, 17, 'LOTE-26A-17', '2026-09-18 00:00:00', 100, 100, 3.80, true, NOW(), NOW()),
  (34, 17, 'LOTE-26B-17', '2027-06-18 00:00:00', 100, 100, 3.80, true, NOW(), NOW()),
  (35, 18, 'LOTE-26A-18', '2026-09-18 00:00:00', 100, 100, 12.00, true, NOW(), NOW()),
  (36, 18, 'LOTE-26B-18', '2027-06-18 00:00:00', 100, 100, 12.00, true, NOW(), NOW()),
  (37, 19, 'LOTE-26A-19', '2026-09-18 00:00:00', 100, 100, 2.50, true, NOW(), NOW()),
  (38, 19, 'LOTE-26B-19', '2027-06-18 00:00:00', 100, 100, 2.50, true, NOW(), NOW()),
  (39, 20, 'LOTE-26A-20', '2026-09-18 00:00:00', 100, 100, 4.00, true, NOW(), NOW()),
  (40, 20, 'LOTE-26B-20', '2027-06-18 00:00:00', 100, 100, 4.00, true, NOW(), NOW()),
  (41, 21, 'LOTE-26A-21', '2026-09-18 00:00:00', 100, 100, 3.20, true, NOW(), NOW()),
  (42, 21, 'LOTE-26B-21', '2027-06-18 00:00:00', 100, 100, 3.20, true, NOW(), NOW()),
  (43, 22, 'LOTE-26A-22', '2026-09-18 00:00:00', 100, 100, 2.80, true, NOW(), NOW()),
  (44, 22, 'LOTE-26B-22', '2027-06-18 00:00:00', 100, 100, 2.80, true, NOW(), NOW()),
  (45, 23, 'LOTE-26A-23', '2026-09-18 00:00:00', 100, 100, 5.50, true, NOW(), NOW()),
  (46, 23, 'LOTE-26B-23', '2027-06-18 00:00:00', 100, 100, 5.50, true, NOW(), NOW()),
  (47, 24, 'LOTE-26A-24', '2026-09-18 00:00:00', 100, 100, 4.80, true, NOW(), NOW()),
  (48, 24, 'LOTE-26B-24', '2027-06-18 00:00:00', 100, 100, 4.80, true, NOW(), NOW()),
  (49, 25, 'LOTE-26A-25', '2026-09-18 00:00:00', 100, 100, 1.80, true, NOW(), NOW()),
  (50, 25, 'LOTE-26B-25', '2027-06-18 00:00:00', 100, 100, 1.80, true, NOW(), NOW()),
  (51, 26, 'LOTE-26A-26', '2026-09-18 00:00:00', 100, 100, 0.40, true, NOW(), NOW()),
  (52, 26, 'LOTE-26B-26', '2027-06-18 00:00:00', 100, 100, 0.40, true, NOW(), NOW()),
  (53, 27, 'LOTE-26A-27', '2026-09-18 00:00:00', 100, 100, 2.00, true, NOW(), NOW()),
  (54, 27, 'LOTE-26B-27', '2027-06-18 00:00:00', 100, 100, 2.00, true, NOW(), NOW()),
  (55, 28, 'LOTE-26A-28', '2026-09-18 00:00:00', 100, 100, 3.50, true, NOW(), NOW()),
  (56, 28, 'LOTE-26B-28', '2027-06-18 00:00:00', 100, 100, 3.50, true, NOW(), NOW()),
  (57, 29, 'LOTE-26A-29', '2026-09-18 00:00:00', 100, 100, 1.50, true, NOW(), NOW()),
  (58, 29, 'LOTE-26B-29', '2027-06-18 00:00:00', 100, 100, 1.50, true, NOW(), NOW()),
  (59, 30, 'LOTE-26A-30', '2026-09-18 00:00:00', 100, 100, 1.20, true, NOW(), NOW()),
  (60, 30, 'LOTE-26B-30', '2027-06-18 00:00:00', 100, 100, 1.20, true, NOW(), NOW()),
  (61, 31, 'LOTE-26A-31', '2026-09-18 00:00:00', 100, 100, 2.20, true, NOW(), NOW()),
  (62, 31, 'LOTE-26B-31', '2027-06-18 00:00:00', 100, 100, 2.20, true, NOW(), NOW()),
  (63, 32, 'LOTE-26A-32', '2026-09-18 00:00:00', 100, 100, 4.50, true, NOW(), NOW()),
  (64, 32, 'LOTE-26B-32', '2027-06-18 00:00:00', 100, 100, 4.50, true, NOW(), NOW()),
  (65, 33, 'LOTE-26A-33', '2026-09-18 00:00:00', 100, 100, 4.00, true, NOW(), NOW()),
  (66, 33, 'LOTE-26B-33', '2027-06-18 00:00:00', 100, 100, 4.00, true, NOW(), NOW()),
  (67, 34, 'LOTE-26A-34', '2026-09-18 00:00:00', 100, 100, 1.50, true, NOW(), NOW()),
  (68, 34, 'LOTE-26B-34', '2027-06-18 00:00:00', 100, 100, 1.50, true, NOW(), NOW()),
  (69, 35, 'LOTE-26A-35', '2026-09-18 00:00:00', 100, 100, 6.00, true, NOW(), NOW()),
  (70, 35, 'LOTE-26B-35', '2027-06-18 00:00:00', 100, 100, 6.00, true, NOW(), NOW()),
  (71, 36, 'LOTE-26A-36', '2026-09-18 00:00:00', 100, 100, 1.10, true, NOW(), NOW()),
  (72, 36, 'LOTE-26B-36', '2027-06-18 00:00:00', 100, 100, 1.10, true, NOW(), NOW()),
  (73, 37, 'LOTE-26A-37', '2026-09-18 00:00:00', 100, 100, 2.50, true, NOW(), NOW()),
  (74, 37, 'LOTE-26B-37', '2027-06-18 00:00:00', 100, 100, 2.50, true, NOW(), NOW()),
  (75, 38, 'LOTE-26A-38', '2026-09-18 00:00:00', 100, 100, 0.90, true, NOW(), NOW()),
  (76, 38, 'LOTE-26B-38', '2027-06-18 00:00:00', 100, 100, 0.90, true, NOW(), NOW()),
  (77, 39, 'LOTE-26A-39', '2026-09-18 00:00:00', 100, 100, 2.00, true, NOW(), NOW()),
  (78, 39, 'LOTE-26B-39', '2027-06-18 00:00:00', 100, 100, 2.00, true, NOW(), NOW()),
  (79, 40, 'LOTE-26A-40', '2026-09-18 00:00:00', 100, 100, 8.50, true, NOW(), NOW()),
  (80, 40, 'LOTE-26B-40', '2027-06-18 00:00:00', 100, 100, 8.50, true, NOW(), NOW()),
  (81, 41, 'LOTE-26A-41', '2026-09-18 00:00:00', 100, 100, 1.30, true, NOW(), NOW()),
  (82, 41, 'LOTE-26B-41', '2027-06-18 00:00:00', 100, 100, 1.30, true, NOW(), NOW()),
  (83, 42, 'LOTE-26A-42', '2026-09-18 00:00:00', 100, 100, 8.00, true, NOW(), NOW()),
  (84, 42, 'LOTE-26B-42', '2027-06-18 00:00:00', 100, 100, 8.00, true, NOW(), NOW()),
  (85, 43, 'LOTE-26A-43', '2026-09-18 00:00:00', 100, 100, 1.80, true, NOW(), NOW()),
  (86, 43, 'LOTE-26B-43', '2027-06-18 00:00:00', 100, 100, 1.80, true, NOW(), NOW()),
  (87, 44, 'LOTE-26A-44', '2026-09-18 00:00:00', 100, 100, 4.50, true, NOW(), NOW()),
  (88, 44, 'LOTE-26B-44', '2027-06-18 00:00:00', 100, 100, 4.50, true, NOW(), NOW()),
  (89, 45, 'LOTE-26A-45', '2026-09-18 00:00:00', 100, 100, 2.10, true, NOW(), NOW()),
  (90, 45, 'LOTE-26B-45', '2027-06-18 00:00:00', 100, 100, 2.10, true, NOW(), NOW()),
  (91, 46, 'LOTE-26A-46', '2026-09-18 00:00:00', 100, 100, 2.50, true, NOW(), NOW()),
  (92, 46, 'LOTE-26B-46', '2027-06-18 00:00:00', 100, 100, 2.50, true, NOW(), NOW());

-- 9. INSERTAR VENTAS HISTÓRICAS DE EJEMPLO
INSERT INTO "Venta" ("id", "fecha", "idCliente", "total", "metodoPago", "nombrePodologo", "numeroReceta", "idUsuario", "tipoComprobante", "estado", "montoRecibido", "cambio", "rucCliente", "createdAt", "updatedAt") VALUES
  (1, '2026-06-17 12:00:00', 2, 6.80, 'TARJETA', 'Dr. Pedro Solórzano', NULL, 3, 'FACTURA', 'COMPLETADA', 11.80, 5.00, NULL, '2026-06-17 12:00:00', '2026-06-17 12:00:00'),
  (2, '2026-06-16 12:00:00', 3, 35.10, 'TRANSFERENCIA', 'Dr. Pedro Solórzano', NULL, 4, 'FACTURA', 'COMPLETADA', 40.10, 5.00, NULL, '2026-06-16 12:00:00', '2026-06-16 12:00:00'),
  (3, '2026-06-15 12:00:00', 4, 3.50, 'EFECTIVO', 'Dr. Pedro Solórzano', 'RECETA-3-2026', 2, 'FACTURA', 'COMPLETADA', 8.50, 5.00, NULL, '2026-06-15 12:00:00', '2026-06-15 12:00:00'),
  (4, '2026-06-14 12:00:00', 5, 18.60, 'TARJETA', 'Dr. Pedro Solórzano', NULL, 3, 'FACTURA', 'COMPLETADA', 23.60, 5.00, NULL, '2026-06-14 12:00:00', '2026-06-14 12:00:00'),
  (5, '2026-06-13 12:00:00', 6, 70.50, 'TRANSFERENCIA', 'Dr. Pedro Solórzano', NULL, 4, 'FACTURA', 'COMPLETADA', 75.50, 5.00, NULL, '2026-06-13 12:00:00', '2026-06-13 12:00:00'),
  (6, '2026-06-12 12:00:00', 7, 7.50, 'EFECTIVO', 'Dr. Pedro Solórzano', 'RECETA-6-2026', 2, 'FACTURA', 'COMPLETADA', 12.50, 5.00, NULL, '2026-06-12 12:00:00', '2026-06-12 12:00:00'),
  (7, '2026-06-11 12:00:00', 8, 9.58, 'TARJETA', 'Dr. Pedro Solórzano', NULL, 3, 'FACTURA', 'COMPLETADA', 14.58, 5.00, NULL, '2026-06-11 12:00:00', '2026-06-11 12:00:00'),
  (8, '2026-06-10 12:00:00', 9, 72.27, 'TRANSFERENCIA', 'Dr. Pedro Solórzano', NULL, 4, 'FACTURA', 'COMPLETADA', 77.27, 5.00, NULL, '2026-06-10 12:00:00', '2026-06-10 12:00:00'),
  (9, '2026-06-09 12:00:00', 10, 2.00, 'EFECTIVO', 'Dr. Pedro Solórzano', 'RECETA-9-2026', 2, 'FACTURA', 'COMPLETADA', 7.00, 5.00, NULL, '2026-06-09 12:00:00', '2026-06-09 12:00:00'),
  (10, '2026-06-08 12:00:00', 11, 55.98, 'TARJETA', 'Dr. Pedro Solórzano', NULL, 3, 'FACTURA', 'COMPLETADA', 60.98, 5.00, 'RUC123456-11', '2026-06-08 12:00:00', '2026-06-08 12:00:00'),
  (11, '2026-06-07 12:00:00', 12, 33.00, 'TRANSFERENCIA', 'Dr. Pedro Solórzano', NULL, 4, 'FACTURA', 'COMPLETADA', 38.00, 5.00, NULL, '2026-06-07 12:00:00', '2026-06-07 12:00:00'),
  (12, '2026-06-06 12:00:00', 13, 12.00, 'EFECTIVO', 'Dr. Pedro Solórzano', 'RECETA-12-2026', 2, 'FACTURA', 'COMPLETADA', 17.00, 5.00, NULL, '2026-06-06 12:00:00', '2026-06-06 12:00:00'),
  (13, '2026-06-05 12:00:00', 14, 27.98, 'TARJETA', 'Dr. Pedro Solórzano', NULL, 3, 'FACTURA', 'COMPLETADA', 32.98, 5.00, NULL, '2026-06-05 12:00:00', '2026-06-05 12:00:00'),
  (14, '2026-06-04 12:00:00', 15, 40.17, 'TRANSFERENCIA', 'Dr. Pedro Solórzano', NULL, 4, 'FACTURA', 'COMPLETADA', 45.17, 5.00, NULL, '2026-06-04 12:00:00', '2026-06-04 12:00:00'),
  (15, '2026-06-03 12:00:00', 16, 9.99, 'EFECTIVO', 'Dr. Pedro Solórzano', 'RECETA-15-2026', 2, 'FACTURA', 'COMPLETADA', 14.99, 5.00, NULL, '2026-06-03 12:00:00', '2026-06-03 12:00:00'),
  (16, '2026-06-02 12:00:00', 17, 38.00, 'TARJETA', 'Dr. Pedro Solórzano', NULL, 3, 'FACTURA', 'COMPLETADA', 43.00, 5.00, NULL, '2026-06-02 12:00:00', '2026-06-02 12:00:00'),
  (17, '2026-06-01 12:00:00', 18, 114.87, 'TRANSFERENCIA', 'Dr. Pedro Solórzano', NULL, 4, 'FACTURA', 'COMPLETADA', 119.87, 5.00, NULL, '2026-06-01 12:00:00', '2026-06-01 12:00:00'),
  (18, '2026-05-31 12:00:00', 19, 5.50, 'EFECTIVO', 'Dr. Pedro Solórzano', 'RECETA-18-2026', 2, 'FACTURA', 'COMPLETADA', 10.50, 5.00, NULL, '2026-05-31 12:00:00', '2026-05-31 12:00:00'),
  (19, '2026-05-30 12:00:00', 20, 27.00, 'TARJETA', 'Dr. Pedro Solórzano', NULL, 3, 'FACTURA', 'COMPLETADA', 32.00, 5.00, NULL, '2026-05-30 12:00:00', '2026-05-30 12:00:00'),
  (20, '2026-05-29 12:00:00', 21, 81.00, 'TRANSFERENCIA', 'Dr. Pedro Solórzano', NULL, 4, 'FACTURA', 'COMPLETADA', 86.00, 5.00, 'RUC123456-21', '2026-05-29 12:00:00', '2026-05-29 12:00:00'),
  (21, '2026-05-28 12:00:00', 22, 6.20, 'EFECTIVO', 'Dr. Pedro Solórzano', 'RECETA-21-2026', 2, 'FACTURA', 'COMPLETADA', 11.20, 5.00, NULL, '2026-05-28 12:00:00', '2026-05-28 12:00:00'),
  (22, '2026-05-27 12:00:00', 23, 30.60, 'TARJETA', 'Dr. Pedro Solórzano', NULL, 3, 'FACTURA', 'COMPLETADA', 35.60, 5.00, NULL, '2026-05-27 12:00:00', '2026-05-27 12:00:00'),
  (23, '2026-05-26 12:00:00', 24, 53.10, 'TRANSFERENCIA', 'Dr. Pedro Solórzano', NULL, 4, 'FACTURA', 'COMPLETADA', 58.10, 5.00, NULL, '2026-05-26 12:00:00', '2026-05-26 12:00:00'),
  (24, '2026-05-25 12:00:00', 25, 3.80, 'EFECTIVO', 'Dr. Pedro Solórzano', 'RECETA-24-2026', 2, 'FACTURA', 'COMPLETADA', 8.80, 5.00, NULL, '2026-05-25 12:00:00', '2026-05-25 12:00:00'),
  (25, '2026-05-24 12:00:00', 26, 19.00, 'TARJETA', 'Dr. Pedro Solórzano', NULL, 3, 'FACTURA', 'COMPLETADA', 24.00, 5.00, NULL, '2026-05-24 12:00:00', '2026-05-24 12:00:00'),
  (26, '2026-05-23 12:00:00', 27, 31.47, 'TRANSFERENCIA', 'Dr. Pedro Solórzano', NULL, 4, 'FACTURA', 'COMPLETADA', 36.47, 5.00, NULL, '2026-05-23 12:00:00', '2026-05-23 12:00:00'),
  (27, '2026-05-22 12:00:00', 28, 8.00, 'EFECTIVO', 'Dr. Pedro Solórzano', 'RECETA-27-2026', 2, 'FACTURA', 'COMPLETADA', 13.00, 5.00, NULL, '2026-05-22 12:00:00', '2026-05-22 12:00:00'),
  (28, '2026-05-21 12:00:00', 29, 11.40, 'TARJETA', 'Dr. Pedro Solórzano', NULL, 3, 'FACTURA', 'COMPLETADA', 16.40, 5.00, NULL, '2026-05-21 12:00:00', '2026-05-21 12:00:00'),
  (29, '2026-05-20 12:00:00', 30, 56.37, 'TRANSFERENCIA', 'Dr. Pedro Solórzano', NULL, 4, 'FACTURA', 'COMPLETADA', 61.37, 5.00, NULL, '2026-05-20 12:00:00', '2026-05-20 12:00:00'),
  (30, '2026-06-18 12:00:00', 31, 5.00, 'EFECTIVO', 'Dr. Pedro Solórzano', 'RECETA-30-2026', 2, 'FACTURA', 'COMPLETADA', 10.00, 5.00, 'RUC123456-31', '2026-06-18 12:00:00', '2026-06-18 12:00:00'),
  (31, '2026-06-17 12:00:00', 32, 28.00, 'TARJETA', 'Dr. Pedro Solórzano', NULL, 3, 'FACTURA', 'COMPLETADA', 33.00, 5.00, NULL, '2026-06-17 12:00:00', '2026-06-17 12:00:00'),
  (32, '2026-06-16 12:00:00', 33, 87.00, 'TRANSFERENCIA', 'Dr. Pedro Solórzano', NULL, 4, 'FACTURA', 'COMPLETADA', 92.00, 5.00, NULL, '2026-06-16 12:00:00', '2026-06-16 12:00:00'),
  (33, '2026-06-15 12:00:00', 34, 3.00, 'EFECTIVO', 'Dr. Pedro Solórzano', 'RECETA-33-2026', 2, 'FACTURA', 'COMPLETADA', 8.00, 5.00, NULL, '2026-06-15 12:00:00', '2026-06-15 12:00:00'),
  (34, '2026-06-14 12:00:00', 35, 57.00, 'TARJETA', 'Dr. Pedro Solórzano', NULL, 3, 'FACTURA', 'COMPLETADA', 62.00, 5.00, NULL, '2026-06-14 12:00:00', '2026-06-14 12:00:00'),
  (35, '2026-06-13 12:00:00', 36, 28.50, 'TRANSFERENCIA', 'Dr. Pedro Solórzano', NULL, 4, 'FACTURA', 'COMPLETADA', 33.50, 5.00, NULL, '2026-06-13 12:00:00', '2026-06-13 12:00:00'),
  (36, '2026-06-12 12:00:00', 37, 6.00, 'EFECTIVO', 'Dr. Pedro Solórzano', 'RECETA-36-2026', 2, 'FACTURA', 'COMPLETADA', 11.00, 5.00, NULL, '2026-06-12 12:00:00', '2026-06-12 12:00:00'),
  (37, '2026-06-11 12:00:00', 38, 13.40, 'TARJETA', 'Dr. Pedro Solórzano', NULL, 3, 'FACTURA', 'COMPLETADA', 18.40, 5.00, NULL, '2026-06-11 12:00:00', '2026-06-11 12:00:00'),
  (38, '2026-06-10 12:00:00', 39, 52.50, 'TRANSFERENCIA', 'Dr. Pedro Solórzano', NULL, 4, 'FACTURA', 'COMPLETADA', 57.50, 5.00, NULL, '2026-06-10 12:00:00', '2026-06-10 12:00:00'),
  (39, '2026-06-09 12:00:00', 40, 18.00, 'EFECTIVO', 'Dr. Pedro Solórzano', 'RECETA-39-2026', 2, 'FACTURA', 'COMPLETADA', 23.00, 5.00, NULL, '2026-06-09 12:00:00', '2026-06-09 12:00:00'),
  (40, '2026-06-08 12:00:00', 41, 9.58, 'TARJETA', 'Dr. Pedro Solórzano', NULL, 3, 'FACTURA', 'COMPLETADA', 14.58, 5.00, 'RUC123456-41', '2026-06-08 12:00:00', '2026-06-08 12:00:00'),
  (41, '2026-06-07 12:00:00', 42, 59.10, 'TRANSFERENCIA', 'Dr. Pedro Solórzano', NULL, 4, 'FACTURA', 'COMPLETADA', 64.10, 5.00, NULL, '2026-06-07 12:00:00', '2026-06-07 12:00:00'),
  (42, '2026-06-06 12:00:00', 43, 3.50, 'EFECTIVO', 'Dr. Pedro Solórzano', 'RECETA-42-2026', 2, 'FACTURA', 'COMPLETADA', 8.50, 5.00, NULL, '2026-06-06 12:00:00', '2026-06-06 12:00:00'),
  (43, '2026-06-05 12:00:00', 44, 29.58, 'TARJETA', 'Dr. Pedro Solórzano', NULL, 3, 'FACTURA', 'COMPLETADA', 34.58, 5.00, NULL, '2026-06-05 12:00:00', '2026-06-05 12:00:00'),
  (44, '2026-06-04 12:00:00', 45, 57.00, 'TRANSFERENCIA', 'Dr. Pedro Solórzano', NULL, 4, 'FACTURA', 'COMPLETADA', 62.00, 5.00, NULL, '2026-06-04 12:00:00', '2026-06-04 12:00:00'),
  (45, '2026-06-03 12:00:00', 46, 5.50, 'EFECTIVO', 'Dr. Pedro Solórzano', 'RECETA-45-2026', 2, 'FACTURA', 'COMPLETADA', 10.50, 5.00, NULL, '2026-06-03 12:00:00', '2026-06-03 12:00:00'),
  (46, '2026-06-02 12:00:00', 47, 6.60, 'TARJETA', 'Dr. Pedro Solórzano', NULL, 3, 'FACTURA', 'COMPLETADA', 11.60, 5.00, NULL, '2026-06-02 12:00:00', '2026-06-02 12:00:00'),
  (47, '2026-06-01 12:00:00', 48, 40.17, 'TRANSFERENCIA', 'Dr. Pedro Solórzano', NULL, 4, 'FACTURA', 'COMPLETADA', 45.17, 5.00, NULL, '2026-06-01 12:00:00', '2026-06-01 12:00:00'),
  (48, '2026-05-31 12:00:00', 49, 1.20, 'EFECTIVO', 'Dr. Pedro Solórzano', 'RECETA-48-2026', 2, 'FACTURA', 'COMPLETADA', 6.20, 5.00, NULL, '2026-05-31 12:00:00', '2026-05-31 12:00:00'),
  (49, '2026-05-30 12:00:00', 50, 13.00, 'TARJETA', 'Dr. Pedro Solórzano', NULL, 3, 'FACTURA', 'COMPLETADA', 18.00, 5.00, NULL, '2026-05-30 12:00:00', '2026-05-30 12:00:00'),
  (50, '2026-05-29 12:00:00', 1, 44.40, 'TRANSFERENCIA', 'Dr. Pedro Solórzano', NULL, 4, 'FACTURA', 'COMPLETADA', 49.40, 5.00, 'RUC123456-1', '2026-05-29 12:00:00', '2026-05-29 12:00:00'),
  (51, '2026-05-28 12:00:00', 2, 2.50, 'EFECTIVO', 'Dr. Pedro Solórzano', 'RECETA-51-2026', 2, 'FACTURA', 'COMPLETADA', 7.50, 5.00, NULL, '2026-05-28 12:00:00', '2026-05-28 12:00:00'),
  (52, '2026-05-27 12:00:00', 3, 28.98, 'TARJETA', 'Dr. Pedro Solórzano', NULL, 3, 'FACTURA', 'COMPLETADA', 33.98, 5.00, NULL, '2026-05-27 12:00:00', '2026-05-27 12:00:00'),
  (53, '2026-05-26 12:00:00', 4, 32.97, 'TRANSFERENCIA', 'Dr. Pedro Solórzano', NULL, 4, 'FACTURA', 'COMPLETADA', 37.97, 5.00, NULL, '2026-05-26 12:00:00', '2026-05-26 12:00:00'),
  (54, '2026-05-25 12:00:00', 5, 1.60, 'EFECTIVO', 'Dr. Pedro Solórzano', 'RECETA-54-2026', 2, 'FACTURA', 'COMPLETADA', 6.60, 5.00, NULL, '2026-05-25 12:00:00', '2026-05-25 12:00:00'),
  (55, '2026-05-24 12:00:00', 6, 21.00, 'TARJETA', 'Dr. Pedro Solórzano', NULL, 3, 'FACTURA', 'COMPLETADA', 26.00, 5.00, NULL, '2026-05-24 12:00:00', '2026-05-24 12:00:00'),
  (56, '2026-05-23 12:00:00', 7, 95.37, 'TRANSFERENCIA', 'Dr. Pedro Solórzano', NULL, 4, 'FACTURA', 'COMPLETADA', 100.37, 5.00, NULL, '2026-05-23 12:00:00', '2026-05-23 12:00:00'),
  (57, '2026-05-22 12:00:00', 8, 4.50, 'EFECTIVO', 'Dr. Pedro Solórzano', 'RECETA-57-2026', 2, 'FACTURA', 'COMPLETADA', 9.50, 5.00, NULL, '2026-05-22 12:00:00', '2026-05-22 12:00:00'),
  (58, '2026-05-21 12:00:00', 9, 42.00, 'TARJETA', 'Dr. Pedro Solórzano', NULL, 3, 'FACTURA', 'COMPLETADA', 47.00, 5.00, NULL, '2026-05-21 12:00:00', '2026-05-21 12:00:00'),
  (59, '2026-05-20 12:00:00', 10, 65.97, 'TRANSFERENCIA', 'Dr. Pedro Solórzano', NULL, 4, 'FACTURA', 'COMPLETADA', 70.97, 5.00, NULL, '2026-05-20 12:00:00', '2026-05-20 12:00:00'),
  (60, '2026-06-18 12:00:00', 11, 3.99, 'EFECTIVO', 'Dr. Pedro Solórzano', 'RECETA-60-2026', 2, 'FACTURA', 'COMPLETADA', 8.99, 5.00, 'RUC123456-11', '2026-06-18 12:00:00', '2026-06-18 12:00:00'),
  (61, '2026-06-17 12:00:00', 12, 44.98, 'TARJETA', 'Dr. Pedro Solórzano', NULL, 3, 'FACTURA', 'COMPLETADA', 49.98, 5.00, NULL, '2026-06-17 12:00:00', '2026-06-17 12:00:00'),
  (62, '2026-06-16 12:00:00', 13, 72.00, 'TRANSFERENCIA', 'Dr. Pedro Solórzano', NULL, 4, 'FACTURA', 'COMPLETADA', 77.00, 5.00, NULL, '2026-06-16 12:00:00', '2026-06-16 12:00:00'),
  (63, '2026-06-15 12:00:00', 14, 24.99, 'EFECTIVO', 'Dr. Pedro Solórzano', 'RECETA-63-2026', 2, 'FACTURA', 'COMPLETADA', 29.99, 5.00, NULL, '2026-06-15 12:00:00', '2026-06-15 12:00:00'),
  (64, '2026-06-14 12:00:00', 15, 13.00, 'TARJETA', 'Dr. Pedro Solórzano', NULL, 3, 'FACTURA', 'COMPLETADA', 18.00, 5.00, NULL, '2026-06-14 12:00:00', '2026-06-14 12:00:00'),
  (65, '2026-06-13 12:00:00', 16, 49.50, 'TRANSFERENCIA', 'Dr. Pedro Solórzano', NULL, 4, 'FACTURA', 'COMPLETADA', 54.50, 5.00, NULL, '2026-06-13 12:00:00', '2026-06-13 12:00:00'),
  (66, '2026-06-12 12:00:00', 17, 7.00, 'EFECTIVO', 'Dr. Pedro Solórzano', 'RECETA-66-2026', 2, 'FACTURA', 'COMPLETADA', 12.00, 5.00, NULL, '2026-06-12 12:00:00', '2026-06-12 12:00:00'),
  (67, '2026-06-11 12:00:00', 18, 18.80, 'TARJETA', 'Dr. Pedro Solórzano', NULL, 3, 'FACTURA', 'COMPLETADA', 23.80, 5.00, NULL, '2026-06-11 12:00:00', '2026-06-11 12:00:00'),
  (68, '2026-06-10 12:00:00', 19, 63.90, 'TRANSFERENCIA', 'Dr. Pedro Solórzano', NULL, 4, 'FACTURA', 'COMPLETADA', 68.90, 5.00, NULL, '2026-06-10 12:00:00', '2026-06-10 12:00:00'),
  (69, '2026-06-09 12:00:00', 20, 10.50, 'EFECTIVO', 'Dr. Pedro Solórzano', 'RECETA-69-2026', 2, 'FACTURA', 'COMPLETADA', 15.50, 5.00, NULL, '2026-06-09 12:00:00', '2026-06-09 12:00:00'),
  (70, '2026-06-08 12:00:00', 21, 26.60, 'TARJETA', 'Dr. Pedro Solórzano', NULL, 3, 'FACTURA', 'COMPLETADA', 31.60, 5.00, 'RUC123456-21', '2026-06-08 12:00:00', '2026-06-08 12:00:00'),
  (71, '2026-06-07 12:00:00', 22, 82.50, 'TRANSFERENCIA', 'Dr. Pedro Solórzano', NULL, 4, 'FACTURA', 'COMPLETADA', 87.50, 5.00, NULL, '2026-06-07 12:00:00', '2026-06-07 12:00:00'),
  (72, '2026-06-06 12:00:00', 23, 4.50, 'EFECTIVO', 'Dr. Pedro Solórzano', 'RECETA-72-2026', 2, 'FACTURA', 'COMPLETADA', 9.50, 5.00, NULL, '2026-06-06 12:00:00', '2026-06-06 12:00:00'),
  (73, '2026-06-05 12:00:00', 24, 40.00, 'TARJETA', 'Dr. Pedro Solórzano', NULL, 3, 'FACTURA', 'COMPLETADA', 45.00, 5.00, NULL, '2026-06-05 12:00:00', '2026-06-05 12:00:00'),
  (74, '2026-06-04 12:00:00', 25, 27.60, 'TRANSFERENCIA', 'Dr. Pedro Solórzano', NULL, 4, 'FACTURA', 'COMPLETADA', 32.60, 5.00, NULL, '2026-06-04 12:00:00', '2026-06-04 12:00:00'),
  (75, '2026-06-03 12:00:00', 26, 2.80, 'EFECTIVO', 'Dr. Pedro Solórzano', 'RECETA-75-2026', 2, 'FACTURA', 'COMPLETADA', 7.80, 5.00, NULL, '2026-06-03 12:00:00', '2026-06-03 12:00:00'),
  (76, '2026-06-02 12:00:00', 27, 14.40, 'TARJETA', 'Dr. Pedro Solórzano', NULL, 3, 'FACTURA', 'COMPLETADA', 19.40, 5.00, NULL, '2026-06-02 12:00:00', '2026-06-02 12:00:00'),
  (77, '2026-06-01 12:00:00', 28, 58.50, 'TRANSFERENCIA', 'Dr. Pedro Solórzano', NULL, 4, 'FACTURA', 'COMPLETADA', 63.50, 5.00, NULL, '2026-06-01 12:00:00', '2026-06-01 12:00:00'),
  (78, '2026-05-31 12:00:00', 29, 8.50, 'EFECTIVO', 'Dr. Pedro Solórzano', 'RECETA-78-2026', 2, 'FACTURA', 'COMPLETADA', 13.50, 5.00, NULL, '2026-05-31 12:00:00', '2026-05-31 12:00:00'),
  (79, '2026-05-30 12:00:00', 30, 11.98, 'TARJETA', 'Dr. Pedro Solórzano', NULL, 3, 'FACTURA', 'COMPLETADA', 16.98, 5.00, NULL, '2026-05-30 12:00:00', '2026-05-30 12:00:00'),
  (80, '2026-05-29 12:00:00', 31, 89.10, 'TRANSFERENCIA', 'Dr. Pedro Solórzano', NULL, 4, 'FACTURA', 'COMPLETADA', 94.10, 5.00, 'RUC123456-31', '2026-05-29 12:00:00', '2026-05-29 12:00:00');

-- 10. INSERTAR DETALLE DE LAS VENTAS
INSERT INTO "DetalleVenta" ("id", "idVenta", "idProducto", "cantidad", "precioUnitario", "subtotal", "tipoUnidad", "createdAt", "updatedAt") VALUES
  (1, 1, 2, 2, 1.80, 3.60, 'UNIDAD', NOW(), NOW()),
  (2, 1, 9, 2, 1.60, 3.20, 'UNIDAD', NOW(), NOW()),
  (3, 2, 3, 3, 1.20, 3.60, 'UNIDAD', NOW(), NOW()),
  (4, 2, 10, 3, 2.00, 6.00, 'UNIDAD', NOW(), NOW()),
  (5, 2, 17, 3, 8.50, 25.50, 'UNIDAD', NOW(), NOW()),
  (6, 3, 4, 1, 3.50, 3.50, 'UNIDAD', NOW(), NOW()),
  (7, 4, 5, 2, 4.80, 9.60, 'UNIDAD', NOW(), NOW()),
  (8, 4, 12, 2, 4.50, 9.00, 'UNIDAD', NOW(), NOW()),
  (9, 5, 6, 3, 2.50, 7.50, 'UNIDAD', NOW(), NOW()),
  (10, 5, 13, 3, 12.00, 36.00, 'UNIDAD', NOW(), NOW()),
  (11, 5, 20, 3, 9.00, 27.00, 'UNIDAD', NOW(), NOW()),
  (12, 6, 7, 1, 7.50, 7.50, 'UNIDAD', NOW(), NOW()),
  (13, 7, 8, 2, 0.80, 1.60, 'UNIDAD', NOW(), NOW()),
  (14, 7, 15, 2, 3.99, 7.98, 'UNIDAD', NOW(), NOW()),
  (15, 8, 9, 3, 1.60, 4.80, 'UNIDAD', NOW(), NOW()),
  (16, 8, 16, 3, 9.99, 29.97, 'UNIDAD', NOW(), NOW()),
  (17, 8, 23, 3, 12.50, 37.50, 'UNIDAD', NOW(), NOW()),
  (18, 9, 10, 1, 2.00, 2.00, 'UNIDAD', NOW(), NOW()),
  (19, 10, 11, 2, 3.00, 6.00, 'UNIDAD', NOW(), NOW()),
  (20, 10, 18, 2, 24.99, 49.98, 'UNIDAD', NOW(), NOW()),
  (21, 11, 12, 3, 4.50, 13.50, 'UNIDAD', NOW(), NOW()),
  (22, 11, 19, 3, 5.50, 16.50, 'UNIDAD', NOW(), NOW()),
  (23, 11, 26, 3, 1.00, 3.00, 'UNIDAD', NOW(), NOW()),
  (24, 12, 13, 1, 12.00, 12.00, 'UNIDAD', NOW(), NOW()),
  (25, 13, 14, 2, 6.99, 13.98, 'UNIDAD', NOW(), NOW()),
  (26, 13, 21, 2, 7.00, 14.00, 'UNIDAD', NOW(), NOW()),
  (27, 14, 15, 3, 3.99, 11.97, 'UNIDAD', NOW(), NOW()),
  (28, 14, 22, 3, 6.20, 18.60, 'UNIDAD', NOW(), NOW()),
  (29, 14, 29, 3, 3.20, 9.60, 'UNIDAD', NOW(), NOW()),
  (30, 15, 16, 1, 9.99, 9.99, 'UNIDAD', NOW(), NOW()),
  (31, 16, 17, 2, 8.50, 17.00, 'UNIDAD', NOW(), NOW()),
  (32, 16, 24, 2, 10.50, 21.00, 'UNIDAD', NOW(), NOW()),
  (33, 17, 18, 3, 24.99, 74.97, 'UNIDAD', NOW(), NOW()),
  (34, 17, 25, 3, 3.80, 11.40, 'UNIDAD', NOW(), NOW()),
  (35, 17, 32, 3, 9.50, 28.50, 'UNIDAD', NOW(), NOW()),
  (36, 18, 19, 1, 5.50, 5.50, 'UNIDAD', NOW(), NOW()),
  (37, 19, 20, 2, 9.00, 18.00, 'UNIDAD', NOW(), NOW()),
  (38, 19, 27, 2, 4.50, 9.00, 'UNIDAD', NOW(), NOW()),
  (39, 20, 21, 3, 7.00, 21.00, 'UNIDAD', NOW(), NOW()),
  (40, 20, 28, 3, 8.00, 24.00, 'UNIDAD', NOW(), NOW()),
  (41, 20, 35, 3, 12.00, 36.00, 'UNIDAD', NOW(), NOW()),
  (42, 21, 22, 1, 6.20, 6.20, 'UNIDAD', NOW(), NOW()),
  (43, 22, 23, 2, 12.50, 25.00, 'UNIDAD', NOW(), NOW()),
  (44, 22, 30, 2, 2.80, 5.60, 'UNIDAD', NOW(), NOW()),
  (45, 23, 24, 3, 10.50, 31.50, 'UNIDAD', NOW(), NOW()),
  (46, 23, 31, 3, 5.00, 15.00, 'UNIDAD', NOW(), NOW()),
  (47, 23, 38, 3, 2.20, 6.60, 'UNIDAD', NOW(), NOW()),
  (48, 24, 25, 1, 3.80, 3.80, 'UNIDAD', NOW(), NOW()),
  (49, 25, 26, 2, 1.00, 2.00, 'UNIDAD', NOW(), NOW()),
  (50, 25, 33, 2, 8.50, 17.00, 'UNIDAD', NOW(), NOW()),
  (51, 26, 27, 3, 4.50, 13.50, 'UNIDAD', NOW(), NOW()),
  (52, 26, 34, 3, 3.00, 9.00, 'UNIDAD', NOW(), NOW()),
  (53, 26, 41, 3, 2.99, 8.97, 'UNIDAD', NOW(), NOW()),
  (54, 27, 28, 1, 8.00, 8.00, 'UNIDAD', NOW(), NOW()),
  (55, 28, 29, 2, 3.20, 6.40, 'UNIDAD', NOW(), NOW()),
  (56, 28, 36, 2, 2.50, 5.00, 'UNIDAD', NOW(), NOW()),
  (57, 29, 30, 3, 2.80, 8.40, 'UNIDAD', NOW(), NOW()),
  (58, 29, 37, 3, 6.00, 18.00, 'UNIDAD', NOW(), NOW()),
  (59, 29, 44, 3, 9.99, 29.97, 'UNIDAD', NOW(), NOW()),
  (60, 30, 31, 1, 5.00, 5.00, 'UNIDAD', NOW(), NOW()),
  (61, 31, 32, 2, 9.50, 19.00, 'UNIDAD', NOW(), NOW()),
  (62, 31, 39, 2, 4.50, 9.00, 'UNIDAD', NOW(), NOW()),
  (63, 32, 33, 3, 8.50, 25.50, 'UNIDAD', NOW(), NOW()),
  (64, 32, 40, 3, 18.00, 54.00, 'UNIDAD', NOW(), NOW()),
  (65, 32, 1, 3, 2.50, 7.50, 'UNIDAD', NOW(), NOW()),
  (66, 33, 34, 1, 3.00, 3.00, 'UNIDAD', NOW(), NOW()),
  (67, 34, 35, 2, 12.00, 24.00, 'UNIDAD', NOW(), NOW()),
  (68, 34, 42, 2, 16.50, 33.00, 'UNIDAD', NOW(), NOW()),
  (69, 35, 36, 3, 2.50, 7.50, 'UNIDAD', NOW(), NOW()),
  (70, 35, 43, 3, 3.50, 10.50, 'UNIDAD', NOW(), NOW()),
  (71, 35, 4, 3, 3.50, 10.50, 'UNIDAD', NOW(), NOW()),
  (72, 36, 37, 1, 6.00, 6.00, 'UNIDAD', NOW(), NOW()),
  (73, 37, 38, 2, 2.20, 4.40, 'UNIDAD', NOW(), NOW()),
  (74, 37, 45, 2, 4.50, 9.00, 'UNIDAD', NOW(), NOW()),
  (75, 38, 39, 3, 4.50, 13.50, 'UNIDAD', NOW(), NOW()),
  (76, 38, 46, 3, 5.50, 16.50, 'UNIDAD', NOW(), NOW()),
  (77, 38, 7, 3, 7.50, 22.50, 'UNIDAD', NOW(), NOW()),
  (78, 39, 40, 1, 18.00, 18.00, 'UNIDAD', NOW(), NOW()),
  (79, 40, 41, 2, 2.99, 5.98, 'UNIDAD', NOW(), NOW()),
  (80, 40, 2, 2, 1.80, 3.60, 'UNIDAD', NOW(), NOW()),
  (81, 41, 42, 3, 16.50, 49.50, 'UNIDAD', NOW(), NOW()),
  (82, 41, 3, 3, 1.20, 3.60, 'UNIDAD', NOW(), NOW()),
  (83, 41, 10, 3, 2.00, 6.00, 'UNIDAD', NOW(), NOW()),
  (84, 42, 43, 1, 3.50, 3.50, 'UNIDAD', NOW(), NOW()),
  (85, 43, 44, 2, 9.99, 19.98, 'UNIDAD', NOW(), NOW()),
  (86, 43, 5, 2, 4.80, 9.60, 'UNIDAD', NOW(), NOW()),
  (87, 44, 45, 3, 4.50, 13.50, 'UNIDAD', NOW(), NOW()),
  (88, 44, 6, 3, 2.50, 7.50, 'UNIDAD', NOW(), NOW()),
  (89, 44, 13, 3, 12.00, 36.00, 'UNIDAD', NOW(), NOW()),
  (90, 45, 46, 1, 5.50, 5.50, 'UNIDAD', NOW(), NOW()),
  (91, 46, 1, 2, 2.50, 5.00, 'UNIDAD', NOW(), NOW()),
  (92, 46, 8, 2, 0.80, 1.60, 'UNIDAD', NOW(), NOW()),
  (93, 47, 2, 3, 1.80, 5.40, 'UNIDAD', NOW(), NOW()),
  (94, 47, 9, 3, 1.60, 4.80, 'UNIDAD', NOW(), NOW()),
  (95, 47, 16, 3, 9.99, 29.97, 'UNIDAD', NOW(), NOW()),
  (96, 48, 3, 1, 1.20, 1.20, 'UNIDAD', NOW(), NOW()),
  (97, 49, 4, 2, 3.50, 7.00, 'UNIDAD', NOW(), NOW()),
  (98, 49, 11, 2, 3.00, 6.00, 'UNIDAD', NOW(), NOW()),
  (99, 50, 5, 3, 4.80, 14.40, 'UNIDAD', NOW(), NOW()),
  (100, 50, 12, 3, 4.50, 13.50, 'UNIDAD', NOW(), NOW()),
  (101, 50, 19, 3, 5.50, 16.50, 'UNIDAD', NOW(), NOW()),
  (102, 51, 6, 1, 2.50, 2.50, 'UNIDAD', NOW(), NOW()),
  (103, 52, 7, 2, 7.50, 15.00, 'UNIDAD', NOW(), NOW()),
  (104, 52, 14, 2, 6.99, 13.98, 'UNIDAD', NOW(), NOW()),
  (105, 53, 8, 3, 0.80, 2.40, 'UNIDAD', NOW(), NOW()),
  (106, 53, 15, 3, 3.99, 11.97, 'UNIDAD', NOW(), NOW()),
  (107, 53, 22, 3, 6.20, 18.60, 'UNIDAD', NOW(), NOW()),
  (108, 54, 9, 1, 1.60, 1.60, 'UNIDAD', NOW(), NOW()),
  (109, 55, 10, 2, 2.00, 4.00, 'UNIDAD', NOW(), NOW()),
  (110, 55, 17, 2, 8.50, 17.00, 'UNIDAD', NOW(), NOW()),
  (111, 56, 11, 3, 3.00, 9.00, 'UNIDAD', NOW(), NOW()),
  (112, 56, 18, 3, 24.99, 74.97, 'UNIDAD', NOW(), NOW()),
  (113, 56, 25, 3, 3.80, 11.40, 'UNIDAD', NOW(), NOW()),
  (114, 57, 12, 1, 4.50, 4.50, 'UNIDAD', NOW(), NOW()),
  (115, 58, 13, 2, 12.00, 24.00, 'UNIDAD', NOW(), NOW()),
  (116, 58, 20, 2, 9.00, 18.00, 'UNIDAD', NOW(), NOW()),
  (117, 59, 14, 3, 6.99, 20.97, 'UNIDAD', NOW(), NOW()),
  (118, 59, 21, 3, 7.00, 21.00, 'UNIDAD', NOW(), NOW()),
  (119, 59, 28, 3, 8.00, 24.00, 'UNIDAD', NOW(), NOW()),
  (120, 60, 15, 1, 3.99, 3.99, 'UNIDAD', NOW(), NOW()),
  (121, 61, 16, 2, 9.99, 19.98, 'UNIDAD', NOW(), NOW()),
  (122, 61, 23, 2, 12.50, 25.00, 'UNIDAD', NOW(), NOW()),
  (123, 62, 17, 3, 8.50, 25.50, 'UNIDAD', NOW(), NOW()),
  (124, 62, 24, 3, 10.50, 31.50, 'UNIDAD', NOW(), NOW()),
  (125, 62, 31, 3, 5.00, 15.00, 'UNIDAD', NOW(), NOW()),
  (126, 63, 18, 1, 24.99, 24.99, 'UNIDAD', NOW(), NOW()),
  (127, 64, 19, 2, 5.50, 11.00, 'UNIDAD', NOW(), NOW()),
  (128, 64, 26, 2, 1.00, 2.00, 'UNIDAD', NOW(), NOW()),
  (129, 65, 20, 3, 9.00, 27.00, 'UNIDAD', NOW(), NOW()),
  (130, 65, 27, 3, 4.50, 13.50, 'UNIDAD', NOW(), NOW()),
  (131, 65, 34, 3, 3.00, 9.00, 'UNIDAD', NOW(), NOW()),
  (132, 66, 21, 1, 7.00, 7.00, 'UNIDAD', NOW(), NOW()),
  (133, 67, 22, 2, 6.20, 12.40, 'UNIDAD', NOW(), NOW()),
  (134, 67, 29, 2, 3.20, 6.40, 'UNIDAD', NOW(), NOW()),
  (135, 68, 23, 3, 12.50, 37.50, 'UNIDAD', NOW(), NOW()),
  (136, 68, 30, 3, 2.80, 8.40, 'UNIDAD', NOW(), NOW()),
  (137, 68, 37, 3, 6.00, 18.00, 'UNIDAD', NOW(), NOW()),
  (138, 69, 24, 1, 10.50, 10.50, 'UNIDAD', NOW(), NOW()),
  (139, 70, 25, 2, 3.80, 7.60, 'UNIDAD', NOW(), NOW()),
  (140, 70, 32, 2, 9.50, 19.00, 'UNIDAD', NOW(), NOW()),
  (141, 71, 26, 3, 1.00, 3.00, 'UNIDAD', NOW(), NOW()),
  (142, 71, 33, 3, 8.50, 25.50, 'UNIDAD', NOW(), NOW()),
  (143, 71, 40, 3, 18.00, 54.00, 'UNIDAD', NOW(), NOW()),
  (144, 72, 27, 1, 4.50, 4.50, 'UNIDAD', NOW(), NOW()),
  (145, 73, 28, 2, 8.00, 16.00, 'UNIDAD', NOW(), NOW()),
  (146, 73, 35, 2, 12.00, 24.00, 'UNIDAD', NOW(), NOW()),
  (147, 74, 29, 3, 3.20, 9.60, 'UNIDAD', NOW(), NOW()),
  (148, 74, 36, 3, 2.50, 7.50, 'UNIDAD', NOW(), NOW()),
  (149, 74, 43, 3, 3.50, 10.50, 'UNIDAD', NOW(), NOW()),
  (150, 75, 30, 1, 2.80, 2.80, 'UNIDAD', NOW(), NOW()),
  (151, 76, 31, 2, 5.00, 10.00, 'UNIDAD', NOW(), NOW()),
  (152, 76, 38, 2, 2.20, 4.40, 'UNIDAD', NOW(), NOW()),
  (153, 77, 32, 3, 9.50, 28.50, 'UNIDAD', NOW(), NOW()),
  (154, 77, 39, 3, 4.50, 13.50, 'UNIDAD', NOW(), NOW()),
  (155, 77, 46, 3, 5.50, 16.50, 'UNIDAD', NOW(), NOW()),
  (156, 78, 33, 1, 8.50, 8.50, 'UNIDAD', NOW(), NOW()),
  (157, 79, 34, 2, 3.00, 6.00, 'UNIDAD', NOW(), NOW()),
  (158, 79, 41, 2, 2.99, 5.98, 'UNIDAD', NOW(), NOW()),
  (159, 80, 35, 3, 12.00, 36.00, 'UNIDAD', NOW(), NOW()),
  (160, 80, 42, 3, 16.50, 49.50, 'UNIDAD', NOW(), NOW()),
  (161, 80, 3, 3, 1.20, 3.60, 'UNIDAD', NOW(), NOW());

-- 11. INSERTAR HISTORIAL DE MOVIMIENTOS EN KARDEX
INSERT INTO "MovimientoInventario" ("id", "idProducto", "idLote", "tipo", "cantidad", "stockResultante", "costoUnitario", "referencia", "observacion", "idUsuario", "createdAt") VALUES
  (1, 1, 1, 'ENTRADA_COMPRA', 100, 100, 1.20, 'Carga Inicial Semilla', 'Carga de lote A', 1, NOW() - INTERVAL '31 days'),
  (2, 1, 2, 'ENTRADA_COMPRA', 100, 200, 1.20, 'Carga Inicial Semilla', 'Carga de lote B', 1, NOW() - INTERVAL '31 days'),
  (3, 2, 3, 'ENTRADA_COMPRA', 100, 100, 0.80, 'Carga Inicial Semilla', 'Carga de lote A', 1, NOW() - INTERVAL '31 days'),
  (4, 2, 4, 'ENTRADA_COMPRA', 100, 200, 0.80, 'Carga Inicial Semilla', 'Carga de lote B', 1, NOW() - INTERVAL '31 days'),
  (5, 3, 5, 'ENTRADA_COMPRA', 100, 100, 0.50, 'Carga Inicial Semilla', 'Carga de lote A', 1, NOW() - INTERVAL '31 days'),
  (6, 3, 6, 'ENTRADA_COMPRA', 100, 200, 0.50, 'Carga Inicial Semilla', 'Carga de lote B', 1, NOW() - INTERVAL '31 days'),
  (7, 4, 7, 'ENTRADA_COMPRA', 100, 100, 1.50, 'Carga Inicial Semilla', 'Carga de lote A', 1, NOW() - INTERVAL '31 days'),
  (8, 4, 8, 'ENTRADA_COMPRA', 100, 200, 1.50, 'Carga Inicial Semilla', 'Carga de lote B', 1, NOW() - INTERVAL '31 days'),
  (9, 5, 9, 'ENTRADA_COMPRA', 100, 100, 2.10, 'Carga Inicial Semilla', 'Carga de lote A', 1, NOW() - INTERVAL '31 days'),
  (10, 5, 10, 'ENTRADA_COMPRA', 100, 200, 2.10, 'Carga Inicial Semilla', 'Carga de lote B', 1, NOW() - INTERVAL '31 days'),
  (11, 6, 11, 'ENTRADA_COMPRA', 100, 100, 1.10, 'Carga Inicial Semilla', 'Carga de lote A', 1, NOW() - INTERVAL '31 days'),
  (12, 6, 12, 'ENTRADA_COMPRA', 100, 200, 1.10, 'Carga Inicial Semilla', 'Carga de lote B', 1, NOW() - INTERVAL '31 days'),
  (13, 7, 13, 'ENTRADA_COMPRA', 100, 100, 3.50, 'Carga Inicial Semilla', 'Carga de lote A', 1, NOW() - INTERVAL '31 days'),
  (14, 7, 14, 'ENTRADA_COMPRA', 100, 200, 3.50, 'Carga Inicial Semilla', 'Carga de lote B', 1, NOW() - INTERVAL '31 days'),
  (15, 8, 15, 'ENTRADA_COMPRA', 100, 100, 0.30, 'Carga Inicial Semilla', 'Carga de lote A', 1, NOW() - INTERVAL '31 days'),
  (16, 8, 16, 'ENTRADA_COMPRA', 100, 200, 0.30, 'Carga Inicial Semilla', 'Carga de lote B', 1, NOW() - INTERVAL '31 days'),
  (17, 9, 17, 'ENTRADA_COMPRA', 100, 100, 0.70, 'Carga Inicial Semilla', 'Carga de lote A', 1, NOW() - INTERVAL '31 days'),
  (18, 9, 18, 'ENTRADA_COMPRA', 100, 200, 0.70, 'Carga Inicial Semilla', 'Carga de lote B', 1, NOW() - INTERVAL '31 days'),
  (19, 10, 19, 'ENTRADA_COMPRA', 100, 100, 0.90, 'Carga Inicial Semilla', 'Carga de lote A', 1, NOW() - INTERVAL '31 days'),
  (20, 10, 20, 'ENTRADA_COMPRA', 100, 200, 0.90, 'Carga Inicial Semilla', 'Carga de lote B', 1, NOW() - INTERVAL '31 days'),
  (21, 11, 21, 'ENTRADA_COMPRA', 100, 100, 1.50, 'Carga Inicial Semilla', 'Carga de lote A', 1, NOW() - INTERVAL '31 days'),
  (22, 11, 22, 'ENTRADA_COMPRA', 100, 200, 1.50, 'Carga Inicial Semilla', 'Carga de lote B', 1, NOW() - INTERVAL '31 days'),
  (23, 12, 23, 'ENTRADA_COMPRA', 100, 100, 2.20, 'Carga Inicial Semilla', 'Carga de lote A', 1, NOW() - INTERVAL '31 days'),
  (24, 12, 24, 'ENTRADA_COMPRA', 100, 200, 2.20, 'Carga Inicial Semilla', 'Carga de lote B', 1, NOW() - INTERVAL '31 days'),
  (25, 13, 25, 'ENTRADA_COMPRA', 100, 100, 5.80, 'Carga Inicial Semilla', 'Carga de lote A', 1, NOW() - INTERVAL '31 days'),
  (26, 13, 26, 'ENTRADA_COMPRA', 100, 200, 5.80, 'Carga Inicial Semilla', 'Carga de lote B', 1, NOW() - INTERVAL '31 days'),
  (27, 14, 27, 'ENTRADA_COMPRA', 100, 100, 3.40, 'Carga Inicial Semilla', 'Carga de lote A', 1, NOW() - INTERVAL '31 days'),
  (28, 14, 28, 'ENTRADA_COMPRA', 100, 200, 3.40, 'Carga Inicial Semilla', 'Carga de lote B', 1, NOW() - INTERVAL '31 days'),
  (29, 15, 29, 'ENTRADA_COMPRA', 100, 100, 1.80, 'Carga Inicial Semilla', 'Carga de lote A', 1, NOW() - INTERVAL '31 days'),
  (30, 15, 30, 'ENTRADA_COMPRA', 100, 200, 1.80, 'Carga Inicial Semilla', 'Carga de lote B', 1, NOW() - INTERVAL '31 days'),
  (31, 16, 31, 'ENTRADA_COMPRA', 100, 100, 4.50, 'Carga Inicial Semilla', 'Carga de lote A', 1, NOW() - INTERVAL '31 days'),
  (32, 16, 32, 'ENTRADA_COMPRA', 100, 200, 4.50, 'Carga Inicial Semilla', 'Carga de lote B', 1, NOW() - INTERVAL '31 days'),
  (33, 17, 33, 'ENTRADA_COMPRA', 100, 100, 3.80, 'Carga Inicial Semilla', 'Carga de lote A', 1, NOW() - INTERVAL '31 days'),
  (34, 17, 34, 'ENTRADA_COMPRA', 100, 200, 3.80, 'Carga Inicial Semilla', 'Carga de lote B', 1, NOW() - INTERVAL '31 days'),
  (35, 18, 35, 'ENTRADA_COMPRA', 100, 100, 12.00, 'Carga Inicial Semilla', 'Carga de lote A', 1, NOW() - INTERVAL '31 days'),
  (36, 18, 36, 'ENTRADA_COMPRA', 100, 200, 12.00, 'Carga Inicial Semilla', 'Carga de lote B', 1, NOW() - INTERVAL '31 days'),
  (37, 19, 37, 'ENTRADA_COMPRA', 100, 100, 2.50, 'Carga Inicial Semilla', 'Carga de lote A', 1, NOW() - INTERVAL '31 days'),
  (38, 19, 38, 'ENTRADA_COMPRA', 100, 200, 2.50, 'Carga Inicial Semilla', 'Carga de lote B', 1, NOW() - INTERVAL '31 days'),
  (39, 20, 39, 'ENTRADA_COMPRA', 100, 100, 4.00, 'Carga Inicial Semilla', 'Carga de lote A', 1, NOW() - INTERVAL '31 days'),
  (40, 20, 40, 'ENTRADA_COMPRA', 100, 200, 4.00, 'Carga Inicial Semilla', 'Carga de lote B', 1, NOW() - INTERVAL '31 days'),
  (41, 21, 41, 'ENTRADA_COMPRA', 100, 100, 3.20, 'Carga Inicial Semilla', 'Carga de lote A', 1, NOW() - INTERVAL '31 days'),
  (42, 21, 42, 'ENTRADA_COMPRA', 100, 200, 3.20, 'Carga Inicial Semilla', 'Carga de lote B', 1, NOW() - INTERVAL '31 days'),
  (43, 22, 43, 'ENTRADA_COMPRA', 100, 100, 2.80, 'Carga Inicial Semilla', 'Carga de lote A', 1, NOW() - INTERVAL '31 days'),
  (44, 22, 44, 'ENTRADA_COMPRA', 100, 200, 2.80, 'Carga Inicial Semilla', 'Carga de lote B', 1, NOW() - INTERVAL '31 days'),
  (45, 23, 45, 'ENTRADA_COMPRA', 100, 100, 5.50, 'Carga Inicial Semilla', 'Carga de lote A', 1, NOW() - INTERVAL '31 days'),
  (46, 23, 46, 'ENTRADA_COMPRA', 100, 200, 5.50, 'Carga Inicial Semilla', 'Carga de lote B', 1, NOW() - INTERVAL '31 days'),
  (47, 24, 47, 'ENTRADA_COMPRA', 100, 100, 4.80, 'Carga Inicial Semilla', 'Carga de lote A', 1, NOW() - INTERVAL '31 days'),
  (48, 24, 48, 'ENTRADA_COMPRA', 100, 200, 4.80, 'Carga Inicial Semilla', 'Carga de lote B', 1, NOW() - INTERVAL '31 days'),
  (49, 25, 49, 'ENTRADA_COMPRA', 100, 100, 1.80, 'Carga Inicial Semilla', 'Carga de lote A', 1, NOW() - INTERVAL '31 days'),
  (50, 25, 50, 'ENTRADA_COMPRA', 100, 200, 1.80, 'Carga Inicial Semilla', 'Carga de lote B', 1, NOW() - INTERVAL '31 days'),
  (51, 26, 51, 'ENTRADA_COMPRA', 100, 100, 0.40, 'Carga Inicial Semilla', 'Carga de lote A', 1, NOW() - INTERVAL '31 days'),
  (52, 26, 52, 'ENTRADA_COMPRA', 100, 200, 0.40, 'Carga Inicial Semilla', 'Carga de lote B', 1, NOW() - INTERVAL '31 days'),
  (53, 27, 53, 'ENTRADA_COMPRA', 100, 100, 2.00, 'Carga Inicial Semilla', 'Carga de lote A', 1, NOW() - INTERVAL '31 days'),
  (54, 27, 54, 'ENTRADA_COMPRA', 100, 200, 2.00, 'Carga Inicial Semilla', 'Carga de lote B', 1, NOW() - INTERVAL '31 days'),
  (55, 28, 55, 'ENTRADA_COMPRA', 100, 100, 3.50, 'Carga Inicial Semilla', 'Carga de lote A', 1, NOW() - INTERVAL '31 days'),
  (56, 28, 56, 'ENTRADA_COMPRA', 100, 200, 3.50, 'Carga Inicial Semilla', 'Carga de lote B', 1, NOW() - INTERVAL '31 days'),
  (57, 29, 57, 'ENTRADA_COMPRA', 100, 100, 1.50, 'Carga Inicial Semilla', 'Carga de lote A', 1, NOW() - INTERVAL '31 days'),
  (58, 29, 58, 'ENTRADA_COMPRA', 100, 200, 1.50, 'Carga Inicial Semilla', 'Carga de lote B', 1, NOW() - INTERVAL '31 days'),
  (59, 30, 59, 'ENTRADA_COMPRA', 100, 100, 1.20, 'Carga Inicial Semilla', 'Carga de lote A', 1, NOW() - INTERVAL '31 days'),
  (60, 30, 60, 'ENTRADA_COMPRA', 100, 200, 1.20, 'Carga Inicial Semilla', 'Carga de lote B', 1, NOW() - INTERVAL '31 days'),
  (61, 31, 61, 'ENTRADA_COMPRA', 100, 100, 2.20, 'Carga Inicial Semilla', 'Carga de lote A', 1, NOW() - INTERVAL '31 days'),
  (62, 31, 62, 'ENTRADA_COMPRA', 100, 200, 2.20, 'Carga Inicial Semilla', 'Carga de lote B', 1, NOW() - INTERVAL '31 days'),
  (63, 32, 63, 'ENTRADA_COMPRA', 100, 100, 4.50, 'Carga Inicial Semilla', 'Carga de lote A', 1, NOW() - INTERVAL '31 days'),
  (64, 32, 64, 'ENTRADA_COMPRA', 100, 200, 4.50, 'Carga Inicial Semilla', 'Carga de lote B', 1, NOW() - INTERVAL '31 days'),
  (65, 33, 65, 'ENTRADA_COMPRA', 100, 100, 4.00, 'Carga Inicial Semilla', 'Carga de lote A', 1, NOW() - INTERVAL '31 days'),
  (66, 33, 66, 'ENTRADA_COMPRA', 100, 200, 4.00, 'Carga Inicial Semilla', 'Carga de lote B', 1, NOW() - INTERVAL '31 days'),
  (67, 34, 67, 'ENTRADA_COMPRA', 100, 100, 1.50, 'Carga Inicial Semilla', 'Carga de lote A', 1, NOW() - INTERVAL '31 days'),
  (68, 34, 68, 'ENTRADA_COMPRA', 100, 200, 1.50, 'Carga Inicial Semilla', 'Carga de lote B', 1, NOW() - INTERVAL '31 days'),
  (69, 35, 69, 'ENTRADA_COMPRA', 100, 100, 6.00, 'Carga Inicial Semilla', 'Carga de lote A', 1, NOW() - INTERVAL '31 days'),
  (70, 35, 70, 'ENTRADA_COMPRA', 100, 200, 6.00, 'Carga Inicial Semilla', 'Carga de lote B', 1, NOW() - INTERVAL '31 days'),
  (71, 36, 71, 'ENTRADA_COMPRA', 100, 100, 1.10, 'Carga Inicial Semilla', 'Carga de lote A', 1, NOW() - INTERVAL '31 days'),
  (72, 36, 72, 'ENTRADA_COMPRA', 100, 200, 1.10, 'Carga Inicial Semilla', 'Carga de lote B', 1, NOW() - INTERVAL '31 days'),
  (73, 37, 73, 'ENTRADA_COMPRA', 100, 100, 2.50, 'Carga Inicial Semilla', 'Carga de lote A', 1, NOW() - INTERVAL '31 days'),
  (74, 37, 74, 'ENTRADA_COMPRA', 100, 200, 2.50, 'Carga Inicial Semilla', 'Carga de lote B', 1, NOW() - INTERVAL '31 days'),
  (75, 38, 75, 'ENTRADA_COMPRA', 100, 100, 0.90, 'Carga Inicial Semilla', 'Carga de lote A', 1, NOW() - INTERVAL '31 days'),
  (76, 38, 76, 'ENTRADA_COMPRA', 100, 200, 0.90, 'Carga Inicial Semilla', 'Carga de lote B', 1, NOW() - INTERVAL '31 days'),
  (77, 39, 77, 'ENTRADA_COMPRA', 100, 100, 2.00, 'Carga Inicial Semilla', 'Carga de lote A', 1, NOW() - INTERVAL '31 days'),
  (78, 39, 78, 'ENTRADA_COMPRA', 100, 200, 2.00, 'Carga Inicial Semilla', 'Carga de lote B', 1, NOW() - INTERVAL '31 days'),
  (79, 40, 79, 'ENTRADA_COMPRA', 100, 100, 8.50, 'Carga Inicial Semilla', 'Carga de lote A', 1, NOW() - INTERVAL '31 days'),
  (80, 40, 80, 'ENTRADA_COMPRA', 100, 200, 8.50, 'Carga Inicial Semilla', 'Carga de lote B', 1, NOW() - INTERVAL '31 days'),
  (81, 41, 81, 'ENTRADA_COMPRA', 100, 100, 1.30, 'Carga Inicial Semilla', 'Carga de lote A', 1, NOW() - INTERVAL '31 days'),
  (82, 41, 82, 'ENTRADA_COMPRA', 100, 200, 1.30, 'Carga Inicial Semilla', 'Carga de lote B', 1, NOW() - INTERVAL '31 days'),
  (83, 42, 83, 'ENTRADA_COMPRA', 100, 100, 8.00, 'Carga Inicial Semilla', 'Carga de lote A', 1, NOW() - INTERVAL '31 days'),
  (84, 42, 84, 'ENTRADA_COMPRA', 100, 200, 8.00, 'Carga Inicial Semilla', 'Carga de lote B', 1, NOW() - INTERVAL '31 days'),
  (85, 43, 85, 'ENTRADA_COMPRA', 100, 100, 1.80, 'Carga Inicial Semilla', 'Carga de lote A', 1, NOW() - INTERVAL '31 days'),
  (86, 43, 86, 'ENTRADA_COMPRA', 100, 200, 1.80, 'Carga Inicial Semilla', 'Carga de lote B', 1, NOW() - INTERVAL '31 days'),
  (87, 44, 87, 'ENTRADA_COMPRA', 100, 100, 4.50, 'Carga Inicial Semilla', 'Carga de lote A', 1, NOW() - INTERVAL '31 days'),
  (88, 44, 88, 'ENTRADA_COMPRA', 100, 200, 4.50, 'Carga Inicial Semilla', 'Carga de lote B', 1, NOW() - INTERVAL '31 days'),
  (89, 45, 89, 'ENTRADA_COMPRA', 100, 100, 2.10, 'Carga Inicial Semilla', 'Carga de lote A', 1, NOW() - INTERVAL '31 days'),
  (90, 45, 90, 'ENTRADA_COMPRA', 100, 200, 2.10, 'Carga Inicial Semilla', 'Carga de lote B', 1, NOW() - INTERVAL '31 days'),
  (91, 46, 91, 'ENTRADA_COMPRA', 100, 100, 2.50, 'Carga Inicial Semilla', 'Carga de lote A', 1, NOW() - INTERVAL '31 days'),
  (92, 46, 92, 'ENTRADA_COMPRA', 100, 200, 2.50, 'Carga Inicial Semilla', 'Carga de lote B', 1, NOW() - INTERVAL '31 days'),
  (93, 2, 3, 'SALIDA_VENTA', 2, 190, 0.80, 'Venta #1', 'Salida de inventario por venta', 2, NOW()),
  (94, 9, 17, 'SALIDA_VENTA', 2, 190, 0.70, 'Venta #1', 'Salida de inventario por venta', 2, NOW()),
  (95, 3, 5, 'SALIDA_VENTA', 3, 190, 0.50, 'Venta #2', 'Salida de inventario por venta', 2, NOW()),
  (96, 10, 19, 'SALIDA_VENTA', 3, 190, 0.90, 'Venta #2', 'Salida de inventario por venta', 2, NOW()),
  (97, 17, 33, 'SALIDA_VENTA', 3, 190, 3.80, 'Venta #2', 'Salida de inventario por venta', 2, NOW()),
  (98, 4, 7, 'SALIDA_VENTA', 1, 190, 1.50, 'Venta #3', 'Salida de inventario por venta', 2, NOW()),
  (99, 5, 9, 'SALIDA_VENTA', 2, 190, 2.10, 'Venta #4', 'Salida de inventario por venta', 2, NOW()),
  (100, 12, 23, 'SALIDA_VENTA', 2, 190, 2.20, 'Venta #4', 'Salida de inventario por venta', 2, NOW()),
  (101, 6, 11, 'SALIDA_VENTA', 3, 190, 1.10, 'Venta #5', 'Salida de inventario por venta', 2, NOW()),
  (102, 13, 25, 'SALIDA_VENTA', 3, 190, 5.80, 'Venta #5', 'Salida de inventario por venta', 2, NOW()),
  (103, 20, 39, 'SALIDA_VENTA', 3, 190, 4.00, 'Venta #5', 'Salida de inventario por venta', 2, NOW()),
  (104, 7, 13, 'SALIDA_VENTA', 1, 190, 3.50, 'Venta #6', 'Salida de inventario por venta', 2, NOW()),
  (105, 8, 15, 'SALIDA_VENTA', 2, 190, 0.30, 'Venta #7', 'Salida de inventario por venta', 2, NOW()),
  (106, 15, 29, 'SALIDA_VENTA', 2, 190, 1.80, 'Venta #7', 'Salida de inventario por venta', 2, NOW()),
  (107, 9, 17, 'SALIDA_VENTA', 3, 190, 0.70, 'Venta #8', 'Salida de inventario por venta', 2, NOW()),
  (108, 16, 31, 'SALIDA_VENTA', 3, 190, 4.50, 'Venta #8', 'Salida de inventario por venta', 2, NOW()),
  (109, 23, 45, 'SALIDA_VENTA', 3, 190, 5.50, 'Venta #8', 'Salida de inventario por venta', 2, NOW()),
  (110, 10, 19, 'SALIDA_VENTA', 1, 190, 0.90, 'Venta #9', 'Salida de inventario por venta', 2, NOW()),
  (111, 11, 21, 'SALIDA_VENTA', 2, 190, 1.50, 'Venta #10', 'Salida de inventario por venta', 2, NOW()),
  (112, 18, 35, 'SALIDA_VENTA', 2, 190, 12.00, 'Venta #10', 'Salida de inventario por venta', 2, NOW()),
  (113, 12, 23, 'SALIDA_VENTA', 3, 190, 2.20, 'Venta #11', 'Salida de inventario por venta', 2, NOW()),
  (114, 19, 37, 'SALIDA_VENTA', 3, 190, 2.50, 'Venta #11', 'Salida de inventario por venta', 2, NOW()),
  (115, 26, 51, 'SALIDA_VENTA', 3, 190, 0.40, 'Venta #11', 'Salida de inventario por venta', 2, NOW()),
  (116, 13, 25, 'SALIDA_VENTA', 1, 190, 5.80, 'Venta #12', 'Salida de inventario por venta', 2, NOW()),
  (117, 14, 27, 'SALIDA_VENTA', 2, 190, 3.40, 'Venta #13', 'Salida de inventario por venta', 2, NOW()),
  (118, 21, 41, 'SALIDA_VENTA', 2, 190, 3.20, 'Venta #13', 'Salida de inventario por venta', 2, NOW()),
  (119, 15, 29, 'SALIDA_VENTA', 3, 190, 1.80, 'Venta #14', 'Salida de inventario por venta', 2, NOW()),
  (120, 22, 43, 'SALIDA_VENTA', 3, 190, 2.80, 'Venta #14', 'Salida de inventario por venta', 2, NOW()),
  (121, 29, 57, 'SALIDA_VENTA', 3, 190, 1.50, 'Venta #14', 'Salida de inventario por venta', 2, NOW()),
  (122, 16, 31, 'SALIDA_VENTA', 1, 190, 4.50, 'Venta #15', 'Salida de inventario por venta', 2, NOW()),
  (123, 17, 33, 'SALIDA_VENTA', 2, 190, 3.80, 'Venta #16', 'Salida de inventario por venta', 2, NOW()),
  (124, 24, 47, 'SALIDA_VENTA', 2, 190, 4.80, 'Venta #16', 'Salida de inventario por venta', 2, NOW()),
  (125, 18, 35, 'SALIDA_VENTA', 3, 190, 12.00, 'Venta #17', 'Salida de inventario por venta', 2, NOW()),
  (126, 25, 49, 'SALIDA_VENTA', 3, 190, 1.80, 'Venta #17', 'Salida de inventario por venta', 2, NOW()),
  (127, 32, 63, 'SALIDA_VENTA', 3, 190, 4.50, 'Venta #17', 'Salida de inventario por venta', 2, NOW()),
  (128, 19, 37, 'SALIDA_VENTA', 1, 190, 2.50, 'Venta #18', 'Salida de inventario por venta', 2, NOW()),
  (129, 20, 39, 'SALIDA_VENTA', 2, 190, 4.00, 'Venta #19', 'Salida de inventario por venta', 2, NOW()),
  (130, 27, 53, 'SALIDA_VENTA', 2, 190, 2.00, 'Venta #19', 'Salida de inventario por venta', 2, NOW()),
  (131, 21, 41, 'SALIDA_VENTA', 3, 190, 3.20, 'Venta #20', 'Salida de inventario por venta', 2, NOW()),
  (132, 28, 55, 'SALIDA_VENTA', 3, 190, 3.50, 'Venta #20', 'Salida de inventario por venta', 2, NOW()),
  (133, 35, 69, 'SALIDA_VENTA', 3, 190, 6.00, 'Venta #20', 'Salida de inventario por venta', 2, NOW()),
  (134, 22, 43, 'SALIDA_VENTA', 1, 190, 2.80, 'Venta #21', 'Salida de inventario por venta', 2, NOW()),
  (135, 23, 45, 'SALIDA_VENTA', 2, 190, 5.50, 'Venta #22', 'Salida de inventario por venta', 2, NOW()),
  (136, 30, 59, 'SALIDA_VENTA', 2, 190, 1.20, 'Venta #22', 'Salida de inventario por venta', 2, NOW()),
  (137, 24, 47, 'SALIDA_VENTA', 3, 190, 4.80, 'Venta #23', 'Salida de inventario por venta', 2, NOW()),
  (138, 31, 61, 'SALIDA_VENTA', 3, 190, 2.20, 'Venta #23', 'Salida de inventario por venta', 2, NOW()),
  (139, 38, 75, 'SALIDA_VENTA', 3, 190, 0.90, 'Venta #23', 'Salida de inventario por venta', 2, NOW()),
  (140, 25, 49, 'SALIDA_VENTA', 1, 190, 1.80, 'Venta #24', 'Salida de inventario por venta', 2, NOW()),
  (141, 26, 51, 'SALIDA_VENTA', 2, 190, 0.40, 'Venta #25', 'Salida de inventario por venta', 2, NOW()),
  (142, 33, 65, 'SALIDA_VENTA', 2, 190, 4.00, 'Venta #25', 'Salida de inventario por venta', 2, NOW()),
  (143, 27, 53, 'SALIDA_VENTA', 3, 190, 2.00, 'Venta #26', 'Salida de inventario por venta', 2, NOW()),
  (144, 34, 67, 'SALIDA_VENTA', 3, 190, 1.50, 'Venta #26', 'Salida de inventario por venta', 2, NOW()),
  (145, 41, 81, 'SALIDA_VENTA', 3, 190, 1.30, 'Venta #26', 'Salida de inventario por venta', 2, NOW()),
  (146, 28, 55, 'SALIDA_VENTA', 1, 190, 3.50, 'Venta #27', 'Salida de inventario por venta', 2, NOW()),
  (147, 29, 57, 'SALIDA_VENTA', 2, 190, 1.50, 'Venta #28', 'Salida de inventario por venta', 2, NOW()),
  (148, 36, 71, 'SALIDA_VENTA', 2, 190, 1.10, 'Venta #28', 'Salida de inventario por venta', 2, NOW()),
  (149, 30, 59, 'SALIDA_VENTA', 3, 190, 1.20, 'Venta #29', 'Salida de inventario por venta', 2, NOW()),
  (150, 37, 73, 'SALIDA_VENTA', 3, 190, 2.50, 'Venta #29', 'Salida de inventario por venta', 2, NOW()),
  (151, 44, 87, 'SALIDA_VENTA', 3, 190, 4.50, 'Venta #29', 'Salida de inventario por venta', 2, NOW()),
  (152, 31, 61, 'SALIDA_VENTA', 1, 190, 2.20, 'Venta #30', 'Salida de inventario por venta', 2, NOW()),
  (153, 32, 63, 'SALIDA_VENTA', 2, 190, 4.50, 'Venta #31', 'Salida de inventario por venta', 2, NOW()),
  (154, 39, 77, 'SALIDA_VENTA', 2, 190, 2.00, 'Venta #31', 'Salida de inventario por venta', 2, NOW()),
  (155, 33, 65, 'SALIDA_VENTA', 3, 190, 4.00, 'Venta #32', 'Salida de inventario por venta', 2, NOW()),
  (156, 40, 79, 'SALIDA_VENTA', 3, 190, 8.50, 'Venta #32', 'Salida de inventario por venta', 2, NOW()),
  (157, 1, 1, 'SALIDA_VENTA', 3, 190, 1.20, 'Venta #32', 'Salida de inventario por venta', 2, NOW()),
  (158, 34, 67, 'SALIDA_VENTA', 1, 190, 1.50, 'Venta #33', 'Salida de inventario por venta', 2, NOW()),
  (159, 35, 69, 'SALIDA_VENTA', 2, 190, 6.00, 'Venta #34', 'Salida de inventario por venta', 2, NOW()),
  (160, 42, 83, 'SALIDA_VENTA', 2, 190, 8.00, 'Venta #34', 'Salida de inventario por venta', 2, NOW()),
  (161, 36, 71, 'SALIDA_VENTA', 3, 190, 1.10, 'Venta #35', 'Salida de inventario por venta', 2, NOW()),
  (162, 43, 85, 'SALIDA_VENTA', 3, 190, 1.80, 'Venta #35', 'Salida de inventario por venta', 2, NOW()),
  (163, 4, 7, 'SALIDA_VENTA', 3, 190, 1.50, 'Venta #35', 'Salida de inventario por venta', 2, NOW()),
  (164, 37, 73, 'SALIDA_VENTA', 1, 190, 2.50, 'Venta #36', 'Salida de inventario por venta', 2, NOW()),
  (165, 38, 75, 'SALIDA_VENTA', 2, 190, 0.90, 'Venta #37', 'Salida de inventario por venta', 2, NOW()),
  (166, 45, 89, 'SALIDA_VENTA', 2, 190, 2.10, 'Venta #37', 'Salida de inventario por venta', 2, NOW()),
  (167, 39, 77, 'SALIDA_VENTA', 3, 190, 2.00, 'Venta #38', 'Salida de inventario por venta', 2, NOW()),
  (168, 46, 91, 'SALIDA_VENTA', 3, 190, 2.50, 'Venta #38', 'Salida de inventario por venta', 2, NOW()),
  (169, 7, 13, 'SALIDA_VENTA', 3, 190, 3.50, 'Venta #38', 'Salida de inventario por venta', 2, NOW()),
  (170, 40, 79, 'SALIDA_VENTA', 1, 190, 8.50, 'Venta #39', 'Salida de inventario por venta', 2, NOW()),
  (171, 41, 81, 'SALIDA_VENTA', 2, 190, 1.30, 'Venta #40', 'Salida de inventario por venta', 2, NOW()),
  (172, 2, 3, 'SALIDA_VENTA', 2, 190, 0.80, 'Venta #40', 'Salida de inventario por venta', 2, NOW()),
  (173, 42, 83, 'SALIDA_VENTA', 3, 190, 8.00, 'Venta #41', 'Salida de inventario por venta', 2, NOW()),
  (174, 3, 5, 'SALIDA_VENTA', 3, 190, 0.50, 'Venta #41', 'Salida de inventario por venta', 2, NOW()),
  (175, 10, 19, 'SALIDA_VENTA', 3, 190, 0.90, 'Venta #41', 'Salida de inventario por venta', 2, NOW()),
  (176, 43, 85, 'SALIDA_VENTA', 1, 190, 1.80, 'Venta #42', 'Salida de inventario por venta', 2, NOW()),
  (177, 44, 87, 'SALIDA_VENTA', 2, 190, 4.50, 'Venta #43', 'Salida de inventario por venta', 2, NOW()),
  (178, 5, 9, 'SALIDA_VENTA', 2, 190, 2.10, 'Venta #43', 'Salida de inventario por venta', 2, NOW()),
  (179, 45, 89, 'SALIDA_VENTA', 3, 190, 2.10, 'Venta #44', 'Salida de inventario por venta', 2, NOW()),
  (180, 6, 11, 'SALIDA_VENTA', 3, 190, 1.10, 'Venta #44', 'Salida de inventario por venta', 2, NOW()),
  (181, 13, 25, 'SALIDA_VENTA', 3, 190, 5.80, 'Venta #44', 'Salida de inventario por venta', 2, NOW()),
  (182, 46, 91, 'SALIDA_VENTA', 1, 190, 2.50, 'Venta #45', 'Salida de inventario por venta', 2, NOW()),
  (183, 1, 1, 'SALIDA_VENTA', 2, 190, 1.20, 'Venta #46', 'Salida de inventario por venta', 2, NOW()),
  (184, 8, 15, 'SALIDA_VENTA', 2, 190, 0.30, 'Venta #46', 'Salida de inventario por venta', 2, NOW()),
  (185, 2, 3, 'SALIDA_VENTA', 3, 190, 0.80, 'Venta #47', 'Salida de inventario por venta', 2, NOW()),
  (186, 9, 17, 'SALIDA_VENTA', 3, 190, 0.70, 'Venta #47', 'Salida de inventario por venta', 2, NOW()),
  (187, 16, 31, 'SALIDA_VENTA', 3, 190, 4.50, 'Venta #47', 'Salida de inventario por venta', 2, NOW()),
  (188, 3, 5, 'SALIDA_VENTA', 1, 190, 0.50, 'Venta #48', 'Salida de inventario por venta', 2, NOW()),
  (189, 4, 7, 'SALIDA_VENTA', 2, 190, 1.50, 'Venta #49', 'Salida de inventario por venta', 2, NOW()),
  (190, 11, 21, 'SALIDA_VENTA', 2, 190, 1.50, 'Venta #49', 'Salida de inventario por venta', 2, NOW()),
  (191, 5, 9, 'SALIDA_VENTA', 3, 190, 2.10, 'Venta #50', 'Salida de inventario por venta', 2, NOW()),
  (192, 12, 23, 'SALIDA_VENTA', 3, 190, 2.20, 'Venta #50', 'Salida de inventario por venta', 2, NOW()),
  (193, 19, 37, 'SALIDA_VENTA', 3, 190, 2.50, 'Venta #50', 'Salida de inventario por venta', 2, NOW()),
  (194, 6, 11, 'SALIDA_VENTA', 1, 190, 1.10, 'Venta #51', 'Salida de inventario por venta', 2, NOW()),
  (195, 7, 13, 'SALIDA_VENTA', 2, 190, 3.50, 'Venta #52', 'Salida de inventario por venta', 2, NOW()),
  (196, 14, 27, 'SALIDA_VENTA', 2, 190, 3.40, 'Venta #52', 'Salida de inventario por venta', 2, NOW()),
  (197, 8, 15, 'SALIDA_VENTA', 3, 190, 0.30, 'Venta #53', 'Salida de inventario por venta', 2, NOW()),
  (198, 15, 29, 'SALIDA_VENTA', 3, 190, 1.80, 'Venta #53', 'Salida de inventario por venta', 2, NOW()),
  (199, 22, 43, 'SALIDA_VENTA', 3, 190, 2.80, 'Venta #53', 'Salida de inventario por venta', 2, NOW()),
  (200, 9, 17, 'SALIDA_VENTA', 1, 190, 0.70, 'Venta #54', 'Salida de inventario por venta', 2, NOW()),
  (201, 10, 19, 'SALIDA_VENTA', 2, 190, 0.90, 'Venta #55', 'Salida de inventario por venta', 2, NOW()),
  (202, 17, 33, 'SALIDA_VENTA', 2, 190, 3.80, 'Venta #55', 'Salida de inventario por venta', 2, NOW()),
  (203, 11, 21, 'SALIDA_VENTA', 3, 190, 1.50, 'Venta #56', 'Salida de inventario por venta', 2, NOW()),
  (204, 18, 35, 'SALIDA_VENTA', 3, 190, 12.00, 'Venta #56', 'Salida de inventario por venta', 2, NOW()),
  (205, 25, 49, 'SALIDA_VENTA', 3, 190, 1.80, 'Venta #56', 'Salida de inventario por venta', 2, NOW()),
  (206, 12, 23, 'SALIDA_VENTA', 1, 190, 2.20, 'Venta #57', 'Salida de inventario por venta', 2, NOW()),
  (207, 13, 25, 'SALIDA_VENTA', 2, 190, 5.80, 'Venta #58', 'Salida de inventario por venta', 2, NOW()),
  (208, 20, 39, 'SALIDA_VENTA', 2, 190, 4.00, 'Venta #58', 'Salida de inventario por venta', 2, NOW()),
  (209, 14, 27, 'SALIDA_VENTA', 3, 190, 3.40, 'Venta #59', 'Salida de inventario por venta', 2, NOW()),
  (210, 21, 41, 'SALIDA_VENTA', 3, 190, 3.20, 'Venta #59', 'Salida de inventario por venta', 2, NOW()),
  (211, 28, 55, 'SALIDA_VENTA', 3, 190, 3.50, 'Venta #59', 'Salida de inventario por venta', 2, NOW()),
  (212, 15, 29, 'SALIDA_VENTA', 1, 190, 1.80, 'Venta #60', 'Salida de inventario por venta', 2, NOW()),
  (213, 16, 31, 'SALIDA_VENTA', 2, 190, 4.50, 'Venta #61', 'Salida de inventario por venta', 2, NOW()),
  (214, 23, 45, 'SALIDA_VENTA', 2, 190, 5.50, 'Venta #61', 'Salida de inventario por venta', 2, NOW()),
  (215, 17, 33, 'SALIDA_VENTA', 3, 190, 3.80, 'Venta #62', 'Salida de inventario por venta', 2, NOW()),
  (216, 24, 47, 'SALIDA_VENTA', 3, 190, 4.80, 'Venta #62', 'Salida de inventario por venta', 2, NOW()),
  (217, 31, 61, 'SALIDA_VENTA', 3, 190, 2.20, 'Venta #62', 'Salida de inventario por venta', 2, NOW()),
  (218, 18, 35, 'SALIDA_VENTA', 1, 190, 12.00, 'Venta #63', 'Salida de inventario por venta', 2, NOW()),
  (219, 19, 37, 'SALIDA_VENTA', 2, 190, 2.50, 'Venta #64', 'Salida de inventario por venta', 2, NOW()),
  (220, 26, 51, 'SALIDA_VENTA', 2, 190, 0.40, 'Venta #64', 'Salida de inventario por venta', 2, NOW()),
  (221, 20, 39, 'SALIDA_VENTA', 3, 190, 4.00, 'Venta #65', 'Salida de inventario por venta', 2, NOW()),
  (222, 27, 53, 'SALIDA_VENTA', 3, 190, 2.00, 'Venta #65', 'Salida de inventario por venta', 2, NOW()),
  (223, 34, 67, 'SALIDA_VENTA', 3, 190, 1.50, 'Venta #65', 'Salida de inventario por venta', 2, NOW()),
  (224, 21, 41, 'SALIDA_VENTA', 1, 190, 3.20, 'Venta #66', 'Salida de inventario por venta', 2, NOW()),
  (225, 22, 43, 'SALIDA_VENTA', 2, 190, 2.80, 'Venta #67', 'Salida de inventario por venta', 2, NOW()),
  (226, 29, 57, 'SALIDA_VENTA', 2, 190, 1.50, 'Venta #67', 'Salida de inventario por venta', 2, NOW()),
  (227, 23, 45, 'SALIDA_VENTA', 3, 190, 5.50, 'Venta #68', 'Salida de inventario por venta', 2, NOW()),
  (228, 30, 59, 'SALIDA_VENTA', 3, 190, 1.20, 'Venta #68', 'Salida de inventario por venta', 2, NOW()),
  (229, 37, 73, 'SALIDA_VENTA', 3, 190, 2.50, 'Venta #68', 'Salida de inventario por venta', 2, NOW()),
  (230, 24, 47, 'SALIDA_VENTA', 1, 190, 4.80, 'Venta #69', 'Salida de inventario por venta', 2, NOW()),
  (231, 25, 49, 'SALIDA_VENTA', 2, 190, 1.80, 'Venta #70', 'Salida de inventario por venta', 2, NOW()),
  (232, 32, 63, 'SALIDA_VENTA', 2, 190, 4.50, 'Venta #70', 'Salida de inventario por venta', 2, NOW()),
  (233, 26, 51, 'SALIDA_VENTA', 3, 190, 0.40, 'Venta #71', 'Salida de inventario por venta', 2, NOW()),
  (234, 33, 65, 'SALIDA_VENTA', 3, 190, 4.00, 'Venta #71', 'Salida de inventario por venta', 2, NOW()),
  (235, 40, 79, 'SALIDA_VENTA', 3, 190, 8.50, 'Venta #71', 'Salida de inventario por venta', 2, NOW()),
  (236, 27, 53, 'SALIDA_VENTA', 1, 190, 2.00, 'Venta #72', 'Salida de inventario por venta', 2, NOW()),
  (237, 28, 55, 'SALIDA_VENTA', 2, 190, 3.50, 'Venta #73', 'Salida de inventario por venta', 2, NOW()),
  (238, 35, 69, 'SALIDA_VENTA', 2, 190, 6.00, 'Venta #73', 'Salida de inventario por venta', 2, NOW()),
  (239, 29, 57, 'SALIDA_VENTA', 3, 190, 1.50, 'Venta #74', 'Salida de inventario por venta', 2, NOW()),
  (240, 36, 71, 'SALIDA_VENTA', 3, 190, 1.10, 'Venta #74', 'Salida de inventario por venta', 2, NOW()),
  (241, 43, 85, 'SALIDA_VENTA', 3, 190, 1.80, 'Venta #74', 'Salida de inventario por venta', 2, NOW()),
  (242, 30, 59, 'SALIDA_VENTA', 1, 190, 1.20, 'Venta #75', 'Salida de inventario por venta', 2, NOW()),
  (243, 31, 61, 'SALIDA_VENTA', 2, 190, 2.20, 'Venta #76', 'Salida de inventario por venta', 2, NOW()),
  (244, 38, 75, 'SALIDA_VENTA', 2, 190, 0.90, 'Venta #76', 'Salida de inventario por venta', 2, NOW()),
  (245, 32, 63, 'SALIDA_VENTA', 3, 190, 4.50, 'Venta #77', 'Salida de inventario por venta', 2, NOW()),
  (246, 39, 77, 'SALIDA_VENTA', 3, 190, 2.00, 'Venta #77', 'Salida de inventario por venta', 2, NOW()),
  (247, 46, 91, 'SALIDA_VENTA', 3, 190, 2.50, 'Venta #77', 'Salida de inventario por venta', 2, NOW()),
  (248, 33, 65, 'SALIDA_VENTA', 1, 190, 4.00, 'Venta #78', 'Salida de inventario por venta', 2, NOW()),
  (249, 34, 67, 'SALIDA_VENTA', 2, 190, 1.50, 'Venta #79', 'Salida de inventario por venta', 2, NOW()),
  (250, 41, 81, 'SALIDA_VENTA', 2, 190, 1.30, 'Venta #79', 'Salida de inventario por venta', 2, NOW()),
  (251, 35, 69, 'SALIDA_VENTA', 3, 190, 6.00, 'Venta #80', 'Salida de inventario por venta', 2, NOW()),
  (252, 42, 83, 'SALIDA_VENTA', 3, 190, 8.00, 'Venta #80', 'Salida de inventario por venta', 2, NOW()),
  (253, 3, 5, 'SALIDA_VENTA', 3, 190, 0.50, 'Venta #80', 'Salida de inventario por venta', 2, NOW());

-- Carga masiva finalizada